artifact_id,region_id,block_id,block_row,block_col,longitude,latitude,month,product_id,eligible_land_cell_days,valid_cell_days,detected_cell_days,native_rate_per_1000,support_fraction,observation_status,comparison_status,investigation_priority
art_local_aoi_sample_202303_r2_edd035e463a2,region_chattogram_hills_candidate_r2,h26v06_r081_c048,81,48,91.44127,23.20833,2023-03,myd14a1_061_aqua,961,887,0,0.0,0.922997,available,calibration_not_released,unavailable
art_local_aoi_sample_202303_r2_edd035e463a2,region_chattogram_hills_candidate_r2,h26v06_r081_c049,81,49,91.53195,23.20833,2023-03,myd14a1_061_aqua,1240,1167,0,0.0,0.941129,available,calibration_not_released,unavailable
art_local_aoi_sample_202303_r2_edd035e463a2,region_chattogram_hills_candidate_r2,h26v06_r081_c050,81,50,91.62262,23.20833,2023-03,myd14a1_061_aqua,1240,1037,0,0.0,0.83629,available,calibration_not_released,unavailable
art_local_aoi_sample_202303_r2_edd035e463a2,region_chattogram_hills_candidate_r2,h26v06_r081_c051,81,51,91.71329,23.20833,2023-03,myd14a1_061_aqua,1240,1093,0,0.0,0.881452,available,calibration_not_released,unavailable
art_local_aoi_sample_202303_r2_edd035e463a2,region_chattogram_hills_candidate_r2,h26v06_r081_c052,81,52,91.80396,23.20833,2023-03,myd14a1_061_aqua,1240,1100,0,0.0,0.887097,available,calibration_not_released,unavailable
art_local_aoi_sample_202303_r2_edd035e463a2,region_chattogram_hills_candidate_r2,h26v06_r081_c053,81,53,91.89463,23.20833,2023-03,myd14a1_061_aqua,1240,1088,0,0.0,0.877419,available,calibration_not_released,unavailable
art_local_aoi_sample_202303_r2_edd035e463a2,region_chattogram_hills_candidate_r2,h26v06_r081_c054,81,54,91.9853,23.20833,2023-03,myd14a1_061_aqua,1240,1112,0,0.0,0.896774,available,calibration_not_released,unavailable
art_local_aoi_sample_202303_r2_edd035e463a2,region_chattogram_hills_candidate_r2,h26v06_r081_c055,81,55,92.07597,23.20833,2023-03,myd14a1_061_aqua,1240,1118,5,4.4723,0.901613,available,calibration_not_released,unavailable
art_local_aoi_sample_202303_r2_edd035e463a2,region_chattogram_hills_candidate_r2,h26v06_r081_c056,81,56,92.16664,23.20833,2023-03,myd14a1_061_aqua,1240,1120,6,5.3571,0.903226,available,calibration_not_released,unavailable
art_local_aoi_sample_202303_r2_edd035e463a2,region_chattogram_hills_candidate_r2,h26v06_r081_c057,81,57,92.25731,23.20833,2023-03,myd14a1_061_aqua,1240,1147,0,0.0,0.925,available,calibration_not_released,unavailable
art_local_aoi_sample_202303_r2_edd035e463a2,region_chattogram_hills_candidate_r2,h26v06_r081_c058,81,58,92.34798,23.20833,2023-03,myd14a1_061_aqua,1240,1146,23,20.0698,0.924194,available,calibration_not_released,unavailable
art_local_aoi_sample_202303_r2_edd035e463a2,region_chattogram_hills_candidate_r2,h26v06_r081_c059,81,59,92.43865,23.20833,2023-03,myd14a1_061_aqua,1240,1121,30,26.7618,0.904032,available,calibration_not_released,unavailable
art_local_aoi_sample_202303_r2_edd035e463a2,region_chattogram_hills_candidate_r2,h26v06_r081_c060,81,60,92.52932,23.20833,2023-03,myd14a1_061_aqua,1240,1155,9,7.7922,0.931452,available,calibration_not_released,unavailable
art_local_aoi_sample_202303_r2_edd035e463a2,region_chattogram_hills_candidate_r2,h26v06_r081_c061,81,61,92.61999,23.20833,2023-03,myd14a1_061_aqua,1240,1151,18,15.6386,0.928226,available,calibration_not_released,unavailable
art_local_aoi_sample_202303_r2_edd035e463a2,region_chattogram_hills_candidate_r2,h26v06_r081_c062,81,62,92.71066,23.20833,2023-03,myd14a1_061_aqua,713,666,0,0.0,0.934081,available,calibration_not_released,unavailable
art_local_aoi_sample_202303_r2_edd035e463a2,region_chattogram_hills_candidate_r2,h26v06_r082_c048,82,48,91.38438,23.125,2023-03,myd14a1_061_aqua,992,847,0,0.0,0.853831,available,calibration_not_released,unavailable
art_local_aoi_sample_202303_r2_edd035e463a2,region_chattogram_hills_candidate_r2,h26v06_r082_c049,82,49,91.475,23.125,2023-03,myd14a1_061_aqua,3100,2761,0,0.0,0.890645,available,calibration_not_released,unavailable
art_local_aoi_sample_202303_r2_edd035e463a2,region_chattogram_hills_candidate_r2,h26v06_r082_c050,82,50,91.56561,23.125,2023-03,myd14a1_061_aqua,3100,2644,3,1.1346,0.852903,available,calibration_not_released,unavailable
art_local_aoi_sample_202303_r2_edd035e463a2,region_chattogram_hills_candidate_r2,h26v06_r082_c051,82,51,91.65622,23.125,2023-03,myd14a1_061_aqua,3100,2651,0,0.0,0.855161,available,calibration_not_released,unavailable
art_local_aoi_sample_202303_r2_edd035e463a2,region_chattogram_hills_candidate_r2,h26v06_r082_c052,82,52,91.74684,23.125,2023-03,myd14a1_061_aqua,3100,2662,0,0.0,0.85871,available,calibration_not_released,unavailable
art_local_aoi_sample_202303_r2_edd035e463a2,region_chattogram_hills_candidate_r2,h26v06_r082_c053,82,53,91.83745,23.125,2023-03,myd14a1_061_aqua,3100,2712,2,0.7375,0.874839,available,calibration_not_released,unavailable
art_local_aoi_sample_202303_r2_edd035e463a2,region_chattogram_hills_candidate_r2,h26v06_r082_c054,82,54,91.92807,23.125,2023-03,myd14a1_061_aqua,3100,2767,0,0.0,0.892581,available,calibration_not_released,unavailable
art_local_aoi_sample_202303_r2_edd035e463a2,region_chattogram_hills_candidate_r2,h26v06_r082_c055,82,55,92.01868,23.125,2023-03,myd14a1_061_aqua,3100,2800,0,0.0,0.903226,available,calibration_not_released,unavailable
art_local_aoi_sample_202303_r2_edd035e463a2,region_chattogram_hills_candidate_r2,h26v06_r082_c056,82,56,92.10929,23.125,2023-03,myd14a1_061_aqua,3100,2849,1,0.351,0.919032,available,calibration_not_released,unavailable
art_local_aoi_sample_202303_r2_edd035e463a2,region_chattogram_hills_candidate_r2,h26v06_r082_c057,82,57,92.19991,23.125,2023-03,myd14a1_061_aqua,2617,2365,7,2.9598,0.903707,available,calibration_not_released,unavailable
art_local_aoi_sample_202303_r2_edd035e463a2,region_chattogram_hills_candidate_r2,h26v06_r082_c058,82,58,92.29052,23.125,2023-03,myd14a1_061_aqua,3039,2681,7,2.611,0.882198,available,calibration_not_released,unavailable
art_local_aoi_sample_202303_r2_edd035e463a2,region_chattogram_hills_candidate_r2,h26v06_r082_c059,82,59,92.38114,23.125,2023-03,myd14a1_061_aqua,3100,2744,59,21.5015,0.885161,available,calibration_not_released,unavailable
art_local_aoi_sample_202303_r2_edd035e463a2,region_chattogram_hills_candidate_r2,h26v06_r082_c060,82,60,92.47175,23.125,2023-03,myd14a1_061_aqua,3100,2824,19,6.728,0.910968,available,calibration_not_released,unavailable
art_local_aoi_sample_202303_r2_edd035e463a2,region_chattogram_hills_candidate_r2,h26v06_r082_c061,82,61,92.56237,23.125,2023-03,myd14a1_061_aqua,3100,2855,32,11.2084,0.920968,available,calibration_not_released,unavailable
art_local_aoi_sample_202303_r2_edd035e463a2,region_chattogram_hills_candidate_r2,h26v06_r082_c062,82,62,92.65298,23.125,2023-03,myd14a1_061_aqua,2883,2680,2,0.7463,0.929587,available,calibration_not_released,unavailable
art_local_aoi_sample_202303_r2_edd035e463a2,region_chattogram_hills_candidate_r2,h26v06_r082_c063,82,63,92.74359,23.125,2023-03,myd14a1_061_aqua,279,261,3,11.4943,0.935484,available,calibration_not_released,unavailable
art_local_aoi_sample_202303_r2_edd035e463a2,region_chattogram_hills_candidate_r2,h26v06_r083_c049,83,49,91.41831,23.04167,2023-03,myd14a1_061_aqua,2170,1841,0,0.0,0.848387,available,calibration_not_released,unavailable
art_local_aoi_sample_202303_r2_edd035e463a2,region_chattogram_hills_candidate_r2,h26v06_r083_c050,83,50,91.50887,23.04167,2023-03,myd14a1_061_aqua,3100,2696,0,0.0,0.869677,available,calibration_not_released,unavailable
art_local_aoi_sample_202303_r2_edd035e463a2,region_chattogram_hills_candidate_r2,h26v06_r083_c051,83,51,91.59943,23.04167,2023-03,myd14a1_061_aqua,3100,2761,0,0.0,0.890645,available,calibration_not_released,unavailable
art_local_aoi_sample_202303_r2_edd035e463a2,region_chattogram_hills_candidate_r2,h26v06_r083_c052,83,52,91.68998,23.04167,2023-03,myd14a1_061_aqua,3100,2718,0,0.0,0.876774,available,calibration_not_released,unavailable
art_local_aoi_sample_202303_r2_edd035e463a2,region_chattogram_hills_candidate_r2,h26v06_r083_c053,83,53,91.78054,23.04167,2023-03,myd14a1_061_aqua,3100,2660,1,0.3759,0.858065,available,calibration_not_released,unavailable
art_local_aoi_sample_202303_r2_edd035e463a2,region_chattogram_hills_candidate_r2,h26v06_r083_c054,83,54,91.8711,23.04167,2023-03,myd14a1_061_aqua,3100,2664,0,0.0,0.859355,available,calibration_not_released,unavailable
art_local_aoi_sample_202303_r2_edd035e463a2,region_chattogram_hills_candidate_r2,h26v06_r083_c055,83,55,91.96166,23.04167,2023-03,myd14a1_061_aqua,3100,2733,6,2.1954,0.881613,available,calibration_not_released,unavailable
art_local_aoi_sample_202303_r2_edd035e463a2,region_chattogram_hills_candidate_r2,h26v06_r083_c056,83,56,92.05222,23.04167,2023-03,myd14a1_061_aqua,3100,2745,0,0.0,0.885484,available,calibration_not_released,unavailable
art_local_aoi_sample_202303_r2_edd035e463a2,region_chattogram_hills_candidate_r2,h26v06_r083_c057,83,57,92.14277,23.04167,2023-03,myd14a1_061_aqua,3082,2684,0,0.0,0.870863,available,calibration_not_released,unavailable
art_local_aoi_sample_202303_r2_edd035e463a2,region_chattogram_hills_candidate_r2,h26v06_r083_c058,83,58,92.23333,23.04167,2023-03,myd14a1_061_aqua,1674,1467,0,0.0,0.876344,available,calibration_not_released,unavailable
art_local_aoi_sample_202303_r2_edd035e463a2,region_chattogram_hills_candidate_r2,h26v06_r083_c059,83,59,92.32389,23.04167,2023-03,myd14a1_061_aqua,3074,2717,6,2.2083,0.883865,available,calibration_not_released,unavailable
art_local_aoi_sample_202303_r2_edd035e463a2,region_chattogram_hills_candidate_r2,h26v06_r083_c060,83,60,92.41445,23.04167,2023-03,myd14a1_061_aqua,3100,2875,38,13.2174,0.927419,available,calibration_not_released,unavailable
art_local_aoi_sample_202303_r2_edd035e463a2,region_chattogram_hills_candidate_r2,h26v06_r083_c061,83,61,92.50501,23.04167,2023-03,myd14a1_061_aqua,3100,2826,89,31.4933,0.911613,available,calibration_not_released,unavailable
art_local_aoi_sample_202303_r2_edd035e463a2,region_chattogram_hills_candidate_r2,h26v06_r083_c062,83,62,92.59556,23.04167,2023-03,myd14a1_061_aqua,3100,2884,53,18.3773,0.930323,available,calibration_not_released,unavailable
art_local_aoi_sample_202303_r2_edd035e463a2,region_chattogram_hills_candidate_r2,h26v06_r083_c063,83,63,92.68612,23.04167,2023-03,myd14a1_061_aqua,2015,1892,3,1.5856,0.938958,available,calibration_not_released,unavailable
art_local_aoi_sample_202303_r2_edd035e463a2,region_chattogram_hills_candidate_r2,h26v06_r084_c049,84,49,91.36189,22.95833,2023-03,myd14a1_061_aqua,372,300,0,0.0,0.806452,available,calibration_not_released,unavailable
art_local_aoi_sample_202303_r2_edd035e463a2,region_chattogram_hills_candidate_r2,h26v06_r084_c050,84,50,91.45239,22.95833,2023-03,myd14a1_061_aqua,2975,2462,0,0.0,0.827563,available,calibration_not_released,unavailable
art_local_aoi_sample_202303_r2_edd035e463a2,region_chattogram_hills_candidate_r2,h26v06_r084_c051,84,51,91.54289,22.95833,2023-03,myd14a1_061_aqua,3089,2607,0,0.0,0.843962,available,calibration_not_released,unavailable
art_local_aoi_sample_202303_r2_edd035e463a2,region_chattogram_hills_candidate_r2,h26v06_r084_c052,84,52,91.6334,22.95833,2023-03,myd14a1_061_aqua,3100,2617,2,0.7642,0.844194,available,calibration_not_released,unavailable
art_local_aoi_sample_202303_r2_edd035e463a2,region_chattogram_hills_candidate_r2,h26v06_r084_c053,84,53,91.7239,22.95833,2023-03,myd14a1_061_aqua,3100,2651,2,0.7544,0.855161,available,calibration_not_released,unavailable
art_local_aoi_sample_202303_r2_edd035e463a2,region_chattogram_hills_candidate_r2,h26v06_r084_c054,84,54,91.8144,22.95833,2023-03,myd14a1_061_aqua,3100,2662,1,0.3757,0.85871,available,calibration_not_released,unavailable
art_local_aoi_sample_202303_r2_edd035e463a2,region_chattogram_hills_candidate_r2,h26v06_r084_c055,84,55,91.9049,22.95833,2023-03,myd14a1_061_aqua,3100,2583,5,1.9357,0.833226,available,calibration_not_released,unavailable
art_local_aoi_sample_202303_r2_edd035e463a2,region_chattogram_hills_candidate_r2,h26v06_r084_c056,84,56,91.9954,22.95833,2023-03,myd14a1_061_aqua,3099,2682,0,0.0,0.86544,available,calibration_not_released,unavailable
art_local_aoi_sample_202303_r2_edd035e463a2,region_chattogram_hills_candidate_r2,h26v06_r084_c057,84,57,92.08591,22.95833,2023-03,myd14a1_061_aqua,2782,2430,0,0.0,0.873472,available,calibration_not_released,unavailable
art_local_aoi_sample_202303_r2_edd035e463a2,region_chattogram_hills_candidate_r2,h26v06_r084_c058,84,58,92.17641,22.95833,2023-03,myd14a1_061_aqua,1510,1294,0,0.0,0.856954,available,calibration_not_released,unavailable
art_local_aoi_sample_202303_r2_edd035e463a2,region_chattogram_hills_candidate_r2,h26v06_r084_c059,84,59,92.26691,22.95833,2023-03,myd14a1_061_aqua,2084,1897,0,0.0,0.910269,available,calibration_not_released,unavailable
art_local_aoi_sample_202303_r2_edd035e463a2,region_chattogram_hills_candidate_r2,h26v06_r084_c060,84,60,92.35741,22.95833,2023-03,myd14a1_061_aqua,3100,2914,3,1.0295,0.94,available,calibration_not_released,unavailable
art_local_aoi_sample_202303_r2_edd035e463a2,region_chattogram_hills_candidate_r2,h26v06_r084_c061,84,61,92.44791,22.95833,2023-03,myd14a1_061_aqua,3100,2893,23,7.9502,0.933226,available,calibration_not_released,unavailable
art_local_aoi_sample_202303_r2_edd035e463a2,region_chattogram_hills_candidate_r2,h26v06_r084_c062,84,62,92.53842,22.95833,2023-03,myd14a1_061_aqua,3100,2916,36,12.3457,0.940645,available,calibration_not_released,unavailable
art_local_aoi_sample_202303_r2_edd035e463a2,region_chattogram_hills_candidate_r2,h26v06_r084_c063,84,63,92.62892,22.95833,2023-03,myd14a1_061_aqua,3100,2914,44,15.0995,0.94,available,calibration_not_released,unavailable
art_local_aoi_sample_202303_r2_edd035e463a2,region_chattogram_hills_candidate_r2,h26v06_r084_c064,84,64,92.71942,22.95833,2023-03,myd14a1_061_aqua,899,836,3,3.5885,0.929922,available,calibration_not_released,unavailable
art_local_aoi_sample_202303_r2_edd035e463a2,region_chattogram_hills_candidate_r2,h26v06_r085_c050,85,50,91.39618,22.875,2023-03,myd14a1_061_aqua,1417,1236,0,0.0,0.872265,available,calibration_not_released,unavailable
art_local_aoi_sample_202303_r2_edd035e463a2,region_chattogram_hills_candidate_r2,h26v06_r085_c051,85,51,91.48662,22.875,2023-03,myd14a1_061_aqua,2282,1900,0,0.0,0.832603,available,calibration_not_released,unavailable
art_local_aoi_sample_202303_r2_edd035e463a2,region_chattogram_hills_candidate_r2,h26v06_r085_c052,85,52,91.57707,22.875,2023-03,myd14a1_061_aqua,3100,2494,13,5.2125,0.804516,available,calibration_not_released,unavailable
art_local_aoi_sample_202303_r2_edd035e463a2,region_chattogram_hills_candidate_r2,h26v06_r085_c053,85,53,91.66752,22.875,2023-03,myd14a1_061_aqua,3100,2555,6,2.3483,0.824194,available,calibration_not_released,unavailable
art_local_aoi_sample_202303_r2_edd035e463a2,region_chattogram_hills_candidate_r2,h26v06_r085_c054,85,54,91.75796,22.875,2023-03,myd14a1_061_aqua,3100,2632,0,0.0,0.849032,available,calibration_not_released,unavailable
art_local_aoi_sample_202303_r2_edd035e463a2,region_chattogram_hills_candidate_r2,h26v06_r085_c055,85,55,91.84841,22.875,2023-03,myd14a1_061_aqua,3100,2532,0,0.0,0.816774,available,calibration_not_released,unavailable
art_local_aoi_sample_202303_r2_edd035e463a2,region_chattogram_hills_candidate_r2,h26v06_r085_c056,85,56,91.93885,22.875,2023-03,myd14a1_061_aqua,3100,2609,0,0.0,0.841613,available,calibration_not_released,unavailable
art_local_aoi_sample_202303_r2_edd035e463a2,region_chattogram_hills_candidate_r2,h26v06_r085_c057,85,57,92.0293,22.875,2023-03,myd14a1_061_aqua,2925,2541,0,0.0,0.868718,available,calibration_not_released,unavailable
art_local_aoi_sample_202303_r2_edd035e463a2,region_chattogram_hills_candidate_r2,h26v06_r085_c058,85,58,92.11975,22.875,2023-03,myd14a1_061_aqua,2417,2136,0,0.0,0.88374,available,calibration_not_released,unavailable
art_local_aoi_sample_202303_r2_edd035e463a2,region_chattogram_hills_candidate_r2,h26v06_r085_c059,85,59,92.21019,22.875,2023-03,myd14a1_061_aqua,1019,913,0,0.0,0.895976,available,calibration_not_released,unavailable
art_local_aoi_sample_202303_r2_edd035e463a2,region_chattogram_hills_candidate_r2,h26v06_r085_c060,85,60,92.30064,22.875,2023-03,myd14a1_061_aqua,2421,2246,0,0.0,0.927716,available,calibration_not_released,unavailable
art_local_aoi_sample_202303_r2_edd035e463a2,region_chattogram_hills_candidate_r2,h26v06_r085_c061,85,61,92.39109,22.875,2023-03,myd14a1_061_aqua,3056,2745,19,6.9217,0.898233,available,calibration_not_released,unavailable
art_local_aoi_sample_202303_r2_edd035e463a2,region_chattogram_hills_candidate_r2,h26v06_r085_c062,85,62,92.48153,22.875,2023-03,myd14a1_061_aqua,3100,2923,15,5.1317,0.942903,available,calibration_not_released,unavailable
art_local_aoi_sample_202303_r2_edd035e463a2,region_chattogram_hills_candidate_r2,h26v06_r085_c063,85,63,92.57198,22.875,2023-03,myd14a1_061_aqua,3100,2872,27,9.4011,0.926452,available,calibration_not_released,unavailable
art_local_aoi_sample_202303_r2_edd035e463a2,region_chattogram_hills_candidate_r2,h26v06_r085_c064,85,64,92.66243,22.875,2023-03,myd14a1_061_aqua,2697,2475,18,7.2727,0.917686,available,calibration_not_released,unavailable
art_local_aoi_sample_202303_r2_edd035e463a2,region_chattogram_hills_candidate_r2,h26v06_r085_c065,85,65,92.75287,22.875,2023-03,myd14a1_061_aqua,124,116,0,0.0,0.935484,available,calibration_not_released,unavailable
art_local_aoi_sample_202303_r2_edd035e463a2,region_chattogram_hills_candidate_r2,h26v06_r086_c050,86,50,91.34022,22.79167,2023-03,myd14a1_061_aqua,52,46,0,0.0,0.884615,available,calibration_not_released,unavailable
art_local_aoi_sample_202303_r2_edd035e463a2,region_chattogram_hills_candidate_r2,h26v06_r086_c051,86,51,91.43061,22.79167,2023-03,myd14a1_061_aqua,1305,1100,0,0.0,0.842912,available,calibration_not_released,unavailable
art_local_aoi_sample_202303_r2_edd035e463a2,region_chattogram_hills_candidate_r2,h26v06_r086_c052,86,52,91.52101,22.79167,2023-03,myd14a1_061_aqua,3020,2543,2,0.7865,0.842053,available,calibration_not_released,unavailable
art_local_aoi_sample_202303_r2_edd035e463a2,region_chattogram_hills_candidate_r2,h26v06_r086_c053,86,53,91.6114,22.79167,2023-03,myd14a1_061_aqua,3100,2551,6,2.352,0.822903,available,calibration_not_released,unavailable
art_local_aoi_sample_202303_r2_edd035e463a2,region_chattogram_hills_candidate_r2,h26v06_r086_c054,86,54,91.70179,22.79167,2023-03,myd14a1_061_aqua,3100,2637,0,0.0,0.850645,available,calibration_not_released,unavailable
art_local_aoi_sample_202303_r2_edd035e463a2,region_chattogram_hills_candidate_r2,h26v06_r086_c055,86,55,91.79218,22.79167,2023-03,myd14a1_061_aqua,3100,2706,0,0.0,0.872903,available,calibration_not_released,unavailable
art_local_aoi_sample_202303_r2_edd035e463a2,region_chattogram_hills_candidate_r2,h26v06_r086_c056,86,56,91.88257,22.79167,2023-03,myd14a1_061_aqua,3100,2682,3,1.1186,0.865161,available,calibration_not_released,unavailable
art_local_aoi_sample_202303_r2_edd035e463a2,region_chattogram_hills_candidate_r2,h26v06_r086_c057,86,57,91.97296,22.79167,2023-03,myd14a1_061_aqua,3100,2700,0,0.0,0.870968,available,calibration_not_released,unavailable
art_local_aoi_sample_202303_r2_edd035e463a2,region_chattogram_hills_candidate_r2,h26v06_r086_c058,86,58,92.06335,22.79167,2023-03,myd14a1_061_aqua,2480,2174,0,0.0,0.876613,available,calibration_not_released,unavailable
art_local_aoi_sample_202303_r2_edd035e463a2,region_chattogram_hills_candidate_r2,h26v06_r086_c059,86,59,92.15374,22.79167,2023-03,myd14a1_061_aqua,1804,1568,0,0.0,0.86918,available,calibration_not_released,unavailable
art_local_aoi_sample_202303_r2_edd035e463a2,region_chattogram_hills_candidate_r2,h26v06_r086_c060,86,60,92.24413,22.79167,2023-03,myd14a1_061_aqua,1541,1343,0,0.0,0.871512,available,calibration_not_released,unavailable
art_local_aoi_sample_202303_r2_edd035e463a2,region_chattogram_hills_candidate_r2,h26v06_r086_c061,86,61,92.33453,22.79167,2023-03,myd14a1_061_aqua,2461,2190,10,4.5662,0.889882,available,calibration_not_released,unavailable
art_local_aoi_sample_202303_r2_edd035e463a2,region_chattogram_hills_candidate_r2,h26v06_r086_c062,86,62,92.42492,22.79167,2023-03,myd14a1_061_aqua,3049,2797,1,0.3575,0.91735,available,calibration_not_released,unavailable
art_local_aoi_sample_202303_r2_edd035e463a2,region_chattogram_hills_candidate_r2,h26v06_r086_c063,86,63,92.51531,22.79167,2023-03,myd14a1_061_aqua,3100,2869,6,2.0913,0.925484,available,calibration_not_released,unavailable
art_local_aoi_sample_202303_r2_edd035e463a2,region_chattogram_hills_candidate_r2,h26v06_r086_c064,86,64,92.6057,22.79167,2023-03,myd14a1_061_aqua,3100,2866,51,17.7948,0.924516,available,calibration_not_released,unavailable
art_local_aoi_sample_202303_r2_edd035e463a2,region_chattogram_hills_candidate_r2,h26v06_r086_c065,86,65,92.69609,22.79167,2023-03,myd14a1_061_aqua,1674,1569,4,2.5494,0.937276,available,calibration_not_released,unavailable
art_local_aoi_sample_202303_r2_edd035e463a2,region_chattogram_hills_candidate_r2,h26v06_r087_c052,87,52,91.4652,22.70833,2023-03,myd14a1_061_aqua,852,736,0,0.0,0.86385,available,calibration_not_released,unavailable
art_local_aoi_sample_202303_r2_edd035e463a2,region_chattogram_hills_candidate_r2,h26v06_r087_c053,87,53,91.55554,22.70833,2023-03,myd14a1_061_aqua,2372,2081,0,0.0,0.877319,available,calibration_not_released,unavailable
art_local_aoi_sample_202303_r2_edd035e463a2,region_chattogram_hills_candidate_r2,h26v06_r087_c054,87,54,91.64588,22.70833,2023-03,myd14a1_061_aqua,3099,2662,2,0.7513,0.858987,available,calibration_not_released,unavailable
art_local_aoi_sample_202303_r2_edd035e463a2,region_chattogram_hills_candidate_r2,h26v06_r087_c055,87,55,91.73621,22.70833,2023-03,myd14a1_061_aqua,3100,2663,0,0.0,0.859032,available,calibration_not_released,unavailable
art_local_aoi_sample_202303_r2_edd035e463a2,region_chattogram_hills_candidate_r2,h26v06_r087_c056,87,56,91.82655,22.70833,2023-03,myd14a1_061_aqua,3100,2687,0,0.0,0.866774,available,calibration_not_released,unavailable
art_local_aoi_sample_202303_r2_edd035e463a2,region_chattogram_hills_candidate_r2,h26v06_r087_c057,87,57,91.91688,22.70833,2023-03,myd14a1_061_aqua,3100,2706,0,0.0,0.872903,available,calibration_not_released,unavailable
art_local_aoi_sample_202303_r2_edd035e463a2,region_chattogram_hills_candidate_r2,h26v06_r087_c058,87,58,92.00722,22.70833,2023-03,myd14a1_061_aqua,3100,2763,0,0.0,0.89129,available,calibration_not_released,unavailable
art_local_aoi_sample_202303_r2_edd035e463a2,region_chattogram_hills_candidate_r2,h26v06_r087_c059,87,59,92.09756,22.70833,2023-03,myd14a1_061_aqua,2702,2391,0,0.0,0.8849,available,calibration_not_released,unavailable
art_local_aoi_sample_202303_r2_edd035e463a2,region_chattogram_hills_candidate_r2,h26v06_r087_c060,87,60,92.18789,22.70833,2023-03,myd14a1_061_aqua,1459,1272,0,0.0,0.87183,available,calibration_not_released,unavailable
art_local_aoi_sample_202303_r2_edd035e463a2,region_chattogram_hills_candidate_r2,h26v06_r087_c061,87,61,92.27823,22.70833,2023-03,myd14a1_061_aqua,1200,1085,1,0.9217,0.904167,available,calibration_not_released,unavailable
art_local_aoi_sample_202303_r2_edd035e463a2,region_chattogram_hills_candidate_r2,h26v06_r087_c062,87,62,92.36856,22.70833,2023-03,myd14a1_061_aqua,2510,2286,5,2.1872,0.910757,available,calibration_not_released,unavailable
art_local_aoi_sample_202303_r2_edd035e463a2,region_chattogram_hills_candidate_r2,h26v06_r087_c063,87,63,92.4589,22.70833,2023-03,myd14a1_061_aqua,3086,2812,0,0.0,0.911212,available,calibration_not_released,unavailable
art_local_aoi_sample_202303_r2_edd035e463a2,region_chattogram_hills_candidate_r2,h26v06_r087_c064,87,64,92.54924,22.70833,2023-03,myd14a1_061_aqua,3100,2759,18,6.5241,0.89,available,calibration_not_released,unavailable
art_local_aoi_sample_202303_r2_edd035e463a2,region_chattogram_hills_candidate_r2,h26v06_r087_c065,87,65,92.63957,22.70833,2023-03,myd14a1_061_aqua,3038,2815,27,9.5915,0.926596,available,calibration_not_released,unavailable
art_local_aoi_sample_202303_r2_edd035e463a2,region_chattogram_hills_candidate_r2,h26v06_r087_c066,87,66,92.72991,22.70833,2023-03,myd14a1_061_aqua,558,508,11,21.6535,0.910394,available,calibration_not_released,unavailable
art_local_aoi_sample_202303_r2_edd035e463a2,region_chattogram_hills_candidate_r2,h26v06_r088_c052,88,52,91.40966,22.625,2023-03,myd14a1_061_aqua,153,132,0,0.0,0.862745,available,calibration_not_released,unavailable
art_local_aoi_sample_202303_r2_edd035e463a2,region_chattogram_hills_candidate_r2,h26v06_r088_c053,88,53,91.49995,22.625,2023-03,myd14a1_061_aqua,384,332,0,0.0,0.864583,available,calibration_not_released,unavailable
art_local_aoi_sample_202303_r2_edd035e463a2,region_chattogram_hills_candidate_r2,h26v06_r088_c054,88,54,91.59023,22.625,2023-03,myd14a1_061_aqua,1263,1069,0,0.0,0.846397,available,calibration_not_released,unavailable
art_local_aoi_sample_202303_r2_edd035e463a2,region_chattogram_hills_candidate_r2,h26v06_r088_c055,88,55,91.68051,22.625,2023-03,myd14a1_061_aqua,2964,2519,0,0.0,0.849865,available,calibration_not_released,unavailable
art_local_aoi_sample_202303_r2_edd035e463a2,region_chattogram_hills_candidate_r2,h26v06_r088_c056,88,56,91.77079,22.625,2023-03,myd14a1_061_aqua,3100,2671,0,0.0,0.861613,available,calibration_not_released,unavailable
art_local_aoi_sample_202303_r2_edd035e463a2,region_chattogram_hills_candidate_r2,h26v06_r088_c057,88,57,91.86107,22.625,2023-03,myd14a1_061_aqua,3100,2700,0,0.0,0.870968,available,calibration_not_released,unavailable
art_local_aoi_sample_202303_r2_edd035e463a2,region_chattogram_hills_candidate_r2,h26v06_r088_c058,88,58,91.95135,22.625,2023-03,myd14a1_061_aqua,3100,2694,0,0.0,0.869032,available,calibration_not_released,unavailable
art_local_aoi_sample_202303_r2_edd035e463a2,region_chattogram_hills_candidate_r2,h26v06_r088_c059,88,59,92.04163,22.625,2023-03,myd14a1_061_aqua,3100,2780,0,0.0,0.896774,available,calibration_not_released,unavailable
art_local_aoi_sample_202303_r2_edd035e463a2,region_chattogram_hills_candidate_r2,h26v06_r088_c060,88,60,92.13191,22.625,2023-03,myd14a1_061_aqua,2468,2227,0,0.0,0.90235,available,calibration_not_released,unavailable
art_local_aoi_sample_202303_r2_edd035e463a2,region_chattogram_hills_candidate_r2,h26v06_r088_c061,88,61,92.22219,22.625,2023-03,myd14a1_061_aqua,577,523,0,0.0,0.906412,available,calibration_not_released,unavailable
art_local_aoi_sample_202303_r2_edd035e463a2,region_chattogram_hills_candidate_r2,h26v06_r088_c062,88,62,92.31248,22.625,2023-03,myd14a1_061_aqua,2998,2734,0,0.0,0.911941,available,calibration_not_released,unavailable
art_local_aoi_sample_202303_r2_edd035e463a2,region_chattogram_hills_candidate_r2,h26v06_r088_c063,88,63,92.40276,22.625,2023-03,myd14a1_061_aqua,3093,2842,0,0.0,0.918849,available,calibration_not_released,unavailable
art_local_aoi_sample_202303_r2_edd035e463a2,region_chattogram_hills_candidate_r2,h26v06_r088_c064,88,64,92.49304,22.625,2023-03,myd14a1_061_aqua,3100,2773,4,1.4425,0.894516,available,calibration_not_released,unavailable
art_local_aoi_sample_202303_r2_edd035e463a2,region_chattogram_hills_candidate_r2,h26v06_r088_c065,88,65,92.58332,22.625,2023-03,myd14a1_061_aqua,3100,2799,8,2.8582,0.902903,available,calibration_not_released,unavailable
art_local_aoi_sample_202303_r2_edd035e463a2,region_chattogram_hills_candidate_r2,h26v06_r088_c066,88,66,92.6736,22.625,2023-03,myd14a1_061_aqua,2418,2126,6,2.8222,0.879239,available,calibration_not_released,unavailable
art_local_aoi_sample_202303_r2_edd035e463a2,region_chattogram_hills_candidate_r2,h26v06_r088_c067,88,67,92.76388,22.625,2023-03,myd14a1_061_aqua,31,28,1,35.7143,0.903226,available,calibration_not_released,unavailable
art_local_aoi_sample_202303_r2_edd035e463a2,region_chattogram_hills_candidate_r2,h26v06_r089_c052,89,52,91.35438,22.54167,2023-03,myd14a1_061_aqua,42,37,0,0.0,0.880952,available,calibration_not_released,unavailable
art_local_aoi_sample_202303_r2_edd035e463a2,region_chattogram_hills_candidate_r2,h26v06_r089_c053,89,53,91.44461,22.54167,2023-03,myd14a1_061_aqua,2014,1674,0,0.0,0.831182,available,calibration_not_released,unavailable
art_local_aoi_sample_202303_r2_edd035e463a2,region_chattogram_hills_candidate_r2,h26v06_r089_c054,89,54,91.53484,22.54167,2023-03,myd14a1_061_aqua,984,811,0,0.0,0.824187,available,calibration_not_released,unavailable
art_local_aoi_sample_202303_r2_edd035e463a2,region_chattogram_hills_candidate_r2,h26v06_r089_c055,89,55,91.62506,22.54167,2023-03,myd14a1_061_aqua,415,345,0,0.0,0.831325,available,calibration_not_released,unavailable
art_local_aoi_sample_202303_r2_edd035e463a2,region_chattogram_hills_candidate_r2,h26v06_r089_c056,89,56,91.71529,22.54167,2023-03,myd14a1_061_aqua,2424,2055,5,2.4331,0.847772,available,calibration_not_released,unavailable
art_local_aoi_sample_202303_r2_edd035e463a2,region_chattogram_hills_candidate_r2,h26v06_r089_c057,89,57,91.80552,22.54167,2023-03,myd14a1_061_aqua,3099,2636,0,0.0,0.850597,available,calibration_not_released,unavailable
art_local_aoi_sample_202303_r2_edd035e463a2,region_chattogram_hills_candidate_r2,h26v06_r089_c058,89,58,91.89574,22.54167,2023-03,myd14a1_061_aqua,3100,2698,0,0.0,0.870323,available,calibration_not_released,unavailable
art_local_aoi_sample_202303_r2_edd035e463a2,region_chattogram_hills_candidate_r2,h26v06_r089_c059,89,59,91.98597,22.54167,2023-03,myd14a1_061_aqua,3100,2752,0,0.0,0.887742,available,calibration_not_released,unavailable
art_local_aoi_sample_202303_r2_edd035e463a2,region_chattogram_hills_candidate_r2,h26v06_r089_c060,89,60,92.0762,22.54167,2023-03,myd14a1_061_aqua,3100,2788,2,0.7174,0.899355,available,calibration_not_released,unavailable
art_local_aoi_sample_202303_r2_edd035e463a2,region_chattogram_hills_candidate_r2,h26v06_r089_c061,89,61,92.16642,22.54167,2023-03,myd14a1_061_aqua,2149,1875,0,0.0,0.872499,available,calibration_not_released,unavailable
art_local_aoi_sample_202303_r2_edd035e463a2,region_chattogram_hills_candidate_r2,h26v06_r089_c062,89,62,92.25665,22.54167,2023-03,myd14a1_061_aqua,1774,1525,0,0.0,0.859639,available,calibration_not_released,unavailable
art_local_aoi_sample_202303_r2_edd035e463a2,region_chattogram_hills_candidate_r2,h26v06_r089_c063,89,63,92.34688,22.54167,2023-03,myd14a1_061_aqua,2484,2243,0,0.0,0.902979,available,calibration_not_released,unavailable
art_local_aoi_sample_202303_r2_edd035e463a2,region_chattogram_hills_candidate_r2,h26v06_r089_c064,89,64,92.4371,22.54167,2023-03,myd14a1_061_aqua,3100,2859,0,0.0,0.922258,available,calibration_not_released,unavailable
art_local_aoi_sample_202303_r2_edd035e463a2,region_chattogram_hills_candidate_r2,h26v06_r089_c065,89,65,92.52733,22.54167,2023-03,myd14a1_061_aqua,3100,2845,6,2.109,0.917742,available,calibration_not_released,unavailable
art_local_aoi_sample_202303_r2_edd035e463a2,region_chattogram_hills_candidate_r2,h26v06_r089_c066,89,66,92.61756,22.54167,2023-03,myd14a1_061_aqua,3100,2834,44,15.5258,0.914194,available,calibration_not_released,unavailable
art_local_aoi_sample_202303_r2_edd035e463a2,region_chattogram_hills_candidate_r2,h26v06_r089_c067,89,67,92.70778,22.54167,2023-03,myd14a1_061_aqua,1271,1184,40,33.7838,0.93155,available,calibration_not_released,unavailable
art_local_aoi_sample_202303_r2_edd035e463a2,region_chattogram_hills_candidate_r2,h26v06_r090_c053,90,53,91.38954,22.45833,2023-03,myd14a1_061_aqua,164,140,0,0.0,0.853659,available,calibration_not_released,unavailable
art_local_aoi_sample_202303_r2_edd035e463a2,region_chattogram_hills_candidate_r2,h26v06_r090_c054,90,54,91.47971,22.45833,2023-03,myd14a1_061_aqua,2229,1847,0,0.0,0.828623,available,calibration_not_released,unavailable
art_local_aoi_sample_202303_r2_edd035e463a2,region_chattogram_hills_candidate_r2,h26v06_r090_c055,90,55,91.56988,22.45833,2023-03,myd14a1_061_aqua,1140,921,0,0.0,0.807895,available,calibration_not_released,unavailable
art_local_aoi_sample_202303_r2_edd035e463a2,region_chattogram_hills_candidate_r2,h26v06_r090_c056,90,56,91.66005,22.45833,2023-03,myd14a1_061_aqua,99,85,0,0.0,0.858586,available,calibration_not_released,unavailable
art_local_aoi_sample_202303_r2_edd035e463a2,region_chattogram_hills_candidate_r2,h26v06_r090_c057,90,57,91.75023,22.45833,2023-03,myd14a1_061_aqua,2239,1940,0,0.0,0.866458,available,calibration_not_released,unavailable
art_local_aoi_sample_202303_r2_edd035e463a2,region_chattogram_hills_candidate_r2,h26v06_r090_c058,90,58,91.8404,22.45833,2023-03,myd14a1_061_aqua,3084,2714,0,0.0,0.880026,available,calibration_not_released,unavailable
art_local_aoi_sample_202303_r2_edd035e463a2,region_chattogram_hills_candidate_r2,h26v06_r090_c059,90,59,91.93057,22.45833,2023-03,myd14a1_061_aqua,2817,2409,2,0.8302,0.855165,available,calibration_not_released,unavailable
art_local_aoi_sample_202303_r2_edd035e463a2,region_chattogram_hills_candidate_r2,h26v06_r090_c060,90,60,92.02074,22.45833,2023-03,myd14a1_061_aqua,2637,2344,1,0.4266,0.888889,available,calibration_not_released,unavailable
art_local_aoi_sample_202303_r2_edd035e463a2,region_chattogram_hills_candidate_r2,h26v06_r090_c061,90,61,92.11091,22.45833,2023-03,myd14a1_061_aqua,2753,2427,0,0.0,0.881584,available,calibration_not_released,unavailable
art_local_aoi_sample_202303_r2_edd035e463a2,region_chattogram_hills_candidate_r2,h26v06_r090_c062,90,62,92.20109,22.45833,2023-03,myd14a1_061_aqua,2997,2564,3,1.17,0.855522,available,calibration_not_released,unavailable
art_local_aoi_sample_202303_r2_edd035e463a2,region_chattogram_hills_candidate_r2,h26v06_r090_c063,90,63,92.29126,22.45833,2023-03,myd14a1_061_aqua,2911,2490,0,0.0,0.855376,available,calibration_not_released,unavailable
art_local_aoi_sample_202303_r2_edd035e463a2,region_chattogram_hills_candidate_r2,h26v06_r090_c064,90,64,92.38143,22.45833,2023-03,myd14a1_061_aqua,3100,2681,7,2.611,0.864839,available,calibration_not_released,unavailable
art_local_aoi_sample_202303_r2_edd035e463a2,region_chattogram_hills_candidate_r2,h26v06_r090_c065,90,65,92.4716,22.45833,2023-03,myd14a1_061_aqua,3100,2766,0,0.0,0.892258,available,calibration_not_released,unavailable
art_local_aoi_sample_202303_r2_edd035e463a2,region_chattogram_hills_candidate_r2,h26v06_r090_c066,90,66,92.56178,22.45833,2023-03,myd14a1_061_aqua,3100,2833,22,7.7656,0.913871,available,calibration_not_released,unavailable
art_local_aoi_sample_202303_r2_edd035e463a2,region_chattogram_hills_candidate_r2,h26v06_r090_c067,90,67,92.65195,22.45833,2023-03,myd14a1_061_aqua,2914,2661,33,12.4014,0.913178,available,calibration_not_released,unavailable
art_local_aoi_sample_202303_r2_edd035e463a2,region_chattogram_hills_candidate_r2,h26v06_r090_c068,90,68,92.74212,22.45833,2023-03,myd14a1_061_aqua,279,249,2,8.0321,0.892473,available,calibration_not_released,unavailable
art_local_aoi_sample_202303_r2_edd035e463a2,region_chattogram_hills_candidate_r2,h26v06_r091_c054,91,54,91.42484,22.375,2023-03,myd14a1_061_aqua,75,64,0,0.0,0.853333,available,calibration_not_released,unavailable
art_local_aoi_sample_202303_r2_edd035e463a2,region_chattogram_hills_candidate_r2,h26v06_r091_c055,91,55,91.51496,22.375,2023-03,myd14a1_061_aqua,497,423,0,0.0,0.851107,available,calibration_not_released,unavailable
art_local_aoi_sample_202303_r2_edd035e463a2,region_chattogram_hills_candidate_r2,h26v06_r091_c057,91,57,91.69519,22.375,2023-03,myd14a1_061_aqua,88,70,0,0.0,0.795455,available,calibration_not_released,unavailable
art_local_aoi_sample_202303_r2_edd035e463a2,region_chattogram_hills_candidate_r2,h26v06_r091_c058,91,58,91.78531,22.375,2023-03,myd14a1_061_aqua,2385,2040,0,0.0,0.855346,available,calibration_not_released,unavailable
art_local_aoi_sample_202303_r2_edd035e463a2,region_chattogram_hills_candidate_r2,h26v06_r091_c059,91,59,91.87543,22.375,2023-03,myd14a1_061_aqua,2429,2155,0,0.0,0.887196,available,calibration_not_released,unavailable
art_local_aoi_sample_202303_r2_edd035e463a2,region_chattogram_hills_candidate_r2,h26v06_r091_c060,91,60,91.96555,22.375,2023-03,myd14a1_061_aqua,3026,2696,1,0.3709,0.890945,available,calibration_not_released,unavailable
art_local_aoi_sample_202303_r2_edd035e463a2,region_chattogram_hills_candidate_r2,h26v06_r091_c061,91,61,92.05567,22.375,2023-03,myd14a1_061_aqua,3100,2725,0,0.0,0.879032,available,calibration_not_released,unavailable
art_local_aoi_sample_202303_r2_edd035e463a2,region_chattogram_hills_candidate_r2,h26v06_r091_c062,91,62,92.14579,22.375,2023-03,myd14a1_061_aqua,3100,2660,1,0.3759,0.858065,available,calibration_not_released,unavailable
art_local_aoi_sample_202303_r2_edd035e463a2,region_chattogram_hills_candidate_r2,h26v06_r091_c063,91,63,92.2359,22.375,2023-03,myd14a1_061_aqua,3100,2607,2,0.7672,0.840968,available,calibration_not_released,unavailable
art_local_aoi_sample_202303_r2_edd035e463a2,region_chattogram_hills_candidate_r2,h26v06_r091_c064,91,64,92.32602,22.375,2023-03,myd14a1_061_aqua,3100,2705,0,0.0,0.872581,available,calibration_not_released,unavailable
art_local_aoi_sample_202303_r2_edd035e463a2,region_chattogram_hills_candidate_r2,h26v06_r091_c065,91,65,92.41614,22.375,2023-03,myd14a1_061_aqua,3100,2703,1,0.37,0.871935,available,calibration_not_released,unavailable
art_local_aoi_sample_202303_r2_edd035e463a2,region_chattogram_hills_candidate_r2,h26v06_r091_c066,91,66,92.50626,22.375,2023-03,myd14a1_061_aqua,3100,2870,0,0.0,0.925806,available,calibration_not_released,unavailable
art_local_aoi_sample_202303_r2_edd035e463a2,region_chattogram_hills_candidate_r2,h26v06_r091_c067,91,67,92.59638,22.375,2023-03,myd14a1_061_aqua,3100,2879,35,12.157,0.92871,available,calibration_not_released,unavailable
art_local_aoi_sample_202303_r2_edd035e463a2,region_chattogram_hills_candidate_r2,h26v06_r091_c068,91,68,92.68649,22.375,2023-03,myd14a1_061_aqua,2015,1761,16,9.0857,0.873945,available,calibration_not_released,unavailable
art_local_aoi_sample_202303_r2_edd035e463a2,region_chattogram_hills_candidate_r2,h26v06_r092_c058,92,58,91.73049,22.29167,2023-03,myd14a1_061_aqua,327,274,0,0.0,0.83792,available,calibration_not_released,unavailable
art_local_aoi_sample_202303_r2_edd035e463a2,region_chattogram_hills_candidate_r2,h26v06_r092_c059,92,59,91.82055,22.29167,2023-03,myd14a1_061_aqua,1977,1712,0,0.0,0.865959,available,calibration_not_released,unavailable
art_local_aoi_sample_202303_r2_edd035e463a2,region_chattogram_hills_candidate_r2,h26v06_r092_c060,92,60,91.91062,22.29167,2023-03,myd14a1_061_aqua,3089,2803,0,0.0,0.907413,available,calibration_not_released,unavailable
art_local_aoi_sample_202303_r2_edd035e463a2,region_chattogram_hills_candidate_r2,h26v06_r092_c061,92,61,92.00068,22.29167,2023-03,myd14a1_061_aqua,3100,2714,4,1.4738,0.875484,available,calibration_not_released,unavailable
art_local_aoi_sample_202303_r2_edd035e463a2,region_chattogram_hills_candidate_r2,h26v06_r092_c062,92,62,92.09074,22.29167,2023-03,myd14a1_061_aqua,3100,2769,4,1.4446,0.893226,available,calibration_not_released,unavailable
art_local_aoi_sample_202303_r2_edd035e463a2,region_chattogram_hills_candidate_r2,h26v06_r092_c063,92,63,92.18081,22.29167,2023-03,myd14a1_061_aqua,3100,2781,4,1.4383,0.897097,available,calibration_not_released,unavailable
art_local_aoi_sample_202303_r2_edd035e463a2,region_chattogram_hills_candidate_r2,h26v06_r092_c064,92,64,92.27087,22.29167,2023-03,myd14a1_061_aqua,3100,2751,0,0.0,0.887419,available,calibration_not_released,unavailable
art_local_aoi_sample_202303_r2_edd035e463a2,region_chattogram_hills_candidate_r2,h26v06_r092_c065,92,65,92.36094,22.29167,2023-03,myd14a1_061_aqua,3100,2770,0,0.0,0.893548,available,calibration_not_released,unavailable
art_local_aoi_sample_202303_r2_edd035e463a2,region_chattogram_hills_candidate_r2,h26v06_r092_c066,92,66,92.451,22.29167,2023-03,myd14a1_061_aqua,3100,2736,0,0.0,0.882581,available,calibration_not_released,unavailable
art_local_aoi_sample_202303_r2_edd035e463a2,region_chattogram_hills_candidate_r2,h26v06_r092_c067,92,67,92.54107,22.29167,2023-03,myd14a1_061_aqua,3100,2854,16,5.6062,0.920645,available,calibration_not_released,unavailable
art_local_aoi_sample_202303_r2_edd035e463a2,region_chattogram_hills_candidate_r2,h26v06_r092_c068,92,68,92.63113,22.29167,2023-03,myd14a1_061_aqua,3100,2794,34,12.1689,0.90129,available,calibration_not_released,unavailable
art_local_aoi_sample_202303_r2_edd035e463a2,region_chattogram_hills_candidate_r2,h26v06_r092_c069,92,69,92.72119,22.29167,2023-03,myd14a1_061_aqua,806,712,8,11.236,0.883375,available,calibration_not_released,unavailable
art_local_aoi_sample_202303_r2_edd035e463a2,region_chattogram_hills_candidate_r2,h26v06_r093_c059,93,59,91.76593,22.20833,2023-03,myd14a1_061_aqua,132,108,0,0.0,0.818182,available,calibration_not_released,unavailable
art_local_aoi_sample_202303_r2_edd035e463a2,region_chattogram_hills_candidate_r2,h26v06_r093_c060,93,60,91.85594,22.20833,2023-03,myd14a1_061_aqua,2584,2312,0,0.0,0.894737,available,calibration_not_released,unavailable
art_local_aoi_sample_202303_r2_edd035e463a2,region_chattogram_hills_candidate_r2,h26v06_r093_c061,93,61,91.94595,22.20833,2023-03,myd14a1_061_aqua,2822,2524,0,0.0,0.894401,available,calibration_not_released,unavailable
art_local_aoi_sample_202303_r2_edd035e463a2,region_chattogram_hills_candidate_r2,h26v06_r093_c062,93,62,92.03596,22.20833,2023-03,myd14a1_061_aqua,3066,2683,0,0.0,0.875082,available,calibration_not_released,unavailable
art_local_aoi_sample_202303_r2_edd035e463a2,region_chattogram_hills_candidate_r2,h26v06_r093_c063,93,63,92.12597,22.20833,2023-03,myd14a1_061_aqua,3100,2793,0,0.0,0.900968,available,calibration_not_released,unavailable
art_local_aoi_sample_202303_r2_edd035e463a2,region_chattogram_hills_candidate_r2,h26v06_r093_c064,93,64,92.21599,22.20833,2023-03,myd14a1_061_aqua,3100,2858,0,0.0,0.921935,available,calibration_not_released,unavailable
art_local_aoi_sample_202303_r2_edd035e463a2,region_chattogram_hills_candidate_r2,h26v06_r093_c065,93,65,92.306,22.20833,2023-03,myd14a1_061_aqua,3100,2780,3,1.0791,0.896774,available,calibration_not_released,unavailable
art_local_aoi_sample_202303_r2_edd035e463a2,region_chattogram_hills_candidate_r2,h26v06_r093_c066,93,66,92.39601,22.20833,2023-03,myd14a1_061_aqua,3100,2854,6,2.1023,0.920645,available,calibration_not_released,unavailable
art_local_aoi_sample_202303_r2_edd035e463a2,region_chattogram_hills_candidate_r2,h26v06_r093_c067,93,67,92.48602,22.20833,2023-03,myd14a1_061_aqua,3100,2881,11,3.8181,0.929355,available,calibration_not_released,unavailable
art_local_aoi_sample_202303_r2_edd035e463a2,region_chattogram_hills_candidate_r2,h26v06_r093_c068,93,68,92.57603,22.20833,2023-03,myd14a1_061_aqua,3100,2863,5,1.7464,0.923548,available,calibration_not_released,unavailable
art_local_aoi_sample_202303_r2_edd035e463a2,region_chattogram_hills_candidate_r2,h26v06_r093_c069,93,69,92.66604,22.20833,2023-03,myd14a1_061_aqua,2635,2321,17,7.3244,0.880835,available,calibration_not_released,unavailable
art_local_aoi_sample_202303_r2_edd035e463a2,region_chattogram_hills_candidate_r2,h26v06_r093_c070,93,70,92.75605,22.20833,2023-03,myd14a1_061_aqua,93,79,1,12.6582,0.849462,available,calibration_not_released,unavailable
art_local_aoi_sample_202303_r2_edd035e463a2,region_chattogram_hills_candidate_r2,h26v06_r094_c060,94,60,91.80153,22.125,2023-03,myd14a1_061_aqua,149,122,0,0.0,0.818792,available,calibration_not_released,unavailable
art_local_aoi_sample_202303_r2_edd035e463a2,region_chattogram_hills_candidate_r2,h26v06_r094_c061,94,61,91.89149,22.125,2023-03,myd14a1_061_aqua,1781,1467,0,0.0,0.823695,available,calibration_not_released,unavailable
art_local_aoi_sample_202303_r2_edd035e463a2,region_chattogram_hills_candidate_r2,h26v06_r094_c062,94,62,91.98144,22.125,2023-03,myd14a1_061_aqua,2999,2477,0,0.0,0.825942,available,calibration_not_released,unavailable
art_local_aoi_sample_202303_r2_edd035e463a2,region_chattogram_hills_candidate_r2,h26v06_r094_c063,94,63,92.0714,22.125,2023-03,myd14a1_061_aqua,3100,2623,0,0.0,0.846129,available,calibration_not_released,unavailable
art_local_aoi_sample_202303_r2_edd035e463a2,region_chattogram_hills_candidate_r2,h26v06_r094_c064,94,64,92.16136,22.125,2023-03,myd14a1_061_aqua,3100,2807,5,1.7813,0.905484,available,calibration_not_released,unavailable
art_local_aoi_sample_202303_r2_edd035e463a2,region_chattogram_hills_candidate_r2,h26v06_r094_c065,94,65,92.25132,22.125,2023-03,myd14a1_061_aqua,3100,2849,4,1.404,0.919032,available,calibration_not_released,unavailable
art_local_aoi_sample_202303_r2_edd035e463a2,region_chattogram_hills_candidate_r2,h26v06_r094_c066,94,66,92.34127,22.125,2023-03,myd14a1_061_aqua,3100,2869,8,2.7884,0.925484,available,calibration_not_released,unavailable
art_local_aoi_sample_202303_r2_edd035e463a2,region_chattogram_hills_candidate_r2,h26v06_r094_c067,94,67,92.43123,22.125,2023-03,myd14a1_061_aqua,3100,2933,0,0.0,0.946129,available,calibration_not_released,unavailable
art_local_aoi_sample_202303_r2_edd035e463a2,region_chattogram_hills_candidate_r2,h26v06_r094_c068,94,68,92.52119,22.125,2023-03,myd14a1_061_aqua,3100,2889,0,0.0,0.931935,available,calibration_not_released,unavailable
art_local_aoi_sample_202303_r2_edd035e463a2,region_chattogram_hills_candidate_r2,h26v06_r094_c069,94,69,92.61115,22.125,2023-03,myd14a1_061_aqua,3100,2868,28,9.7629,0.925161,available,calibration_not_released,unavailable
art_local_aoi_sample_202303_r2_edd035e463a2,region_chattogram_hills_candidate_r2,h26v06_r094_c070,94,70,92.7011,22.125,2023-03,myd14a1_061_aqua,1519,1364,16,11.7302,0.897959,available,calibration_not_released,unavailable
art_local_aoi_sample_202303_r2_edd035e463a2,region_chattogram_hills_candidate_r2,h26v06_r095_c061,95,61,91.83728,22.04167,2023-03,myd14a1_061_aqua,303,239,0,0.0,0.788779,available,calibration_not_released,unavailable
art_local_aoi_sample_202303_r2_edd035e463a2,region_chattogram_hills_candidate_r2,h26v06_r095_c062,95,62,91.92718,22.04167,2023-03,myd14a1_061_aqua,2863,2276,0,0.0,0.79497,available,calibration_not_released,unavailable
art_local_aoi_sample_202303_r2_edd035e463a2,region_chattogram_hills_candidate_r2,h26v06_r095_c063,95,63,92.01709,22.04167,2023-03,myd14a1_061_aqua,3100,2643,0,0.0,0.852581,available,calibration_not_released,unavailable
art_local_aoi_sample_202303_r2_edd035e463a2,region_chattogram_hills_candidate_r2,h26v06_r095_c064,95,64,92.10699,22.04167,2023-03,myd14a1_061_aqua,3100,2834,0,0.0,0.914194,available,calibration_not_released,unavailable
art_local_aoi_sample_202303_r2_edd035e463a2,region_chattogram_hills_candidate_r2,h26v06_r095_c065,95,65,92.19689,22.04167,2023-03,myd14a1_061_aqua,3100,2887,2,0.6928,0.93129,available,calibration_not_released,unavailable
art_local_aoi_sample_202303_r2_edd035e463a2,region_chattogram_hills_candidate_r2,h26v06_r095_c066,95,66,92.2868,22.04167,2023-03,myd14a1_061_aqua,3100,2829,3,1.0604,0.912581,available,calibration_not_released,unavailable
art_local_aoi_sample_202303_r2_edd035e463a2,region_chattogram_hills_candidate_r2,h26v06_r095_c067,95,67,92.3767,22.04167,2023-03,myd14a1_061_aqua,3100,2869,0,0.0,0.925484,available,calibration_not_released,unavailable
art_local_aoi_sample_202303_r2_edd035e463a2,region_chattogram_hills_candidate_r2,h26v06_r095_c068,95,68,92.46661,22.04167,2023-03,myd14a1_061_aqua,3100,2868,0,0.0,0.925161,available,calibration_not_released,unavailable
art_local_aoi_sample_202303_r2_edd035e463a2,region_chattogram_hills_candidate_r2,h26v06_r095_c069,95,69,92.55651,22.04167,2023-03,myd14a1_061_aqua,3094,2874,0,0.0,0.928895,available,calibration_not_released,unavailable
art_local_aoi_sample_202303_r2_edd035e463a2,region_chattogram_hills_candidate_r2,h26v06_r095_c070,95,70,92.64642,22.04167,2023-03,myd14a1_061_aqua,2976,2764,27,9.7685,0.928763,available,calibration_not_released,unavailable
art_local_aoi_sample_202303_r2_edd035e463a2,region_chattogram_hills_candidate_r2,h26v06_r095_c071,95,71,92.73632,22.04167,2023-03,myd14a1_061_aqua,403,371,0,0.0,0.920596,available,calibration_not_released,unavailable
art_local_aoi_sample_202303_r2_edd035e463a2,region_chattogram_hills_candidate_r2,h26v06_r096_c062,96,62,91.87318,21.95833,2023-03,myd14a1_061_aqua,819,652,0,0.0,0.796093,available,calibration_not_released,unavailable
art_local_aoi_sample_202303_r2_edd035e463a2,region_chattogram_hills_candidate_r2,h26v06_r096_c063,96,63,91.96303,21.95833,2023-03,myd14a1_061_aqua,2972,2572,0,0.0,0.86541,available,calibration_not_released,unavailable
art_local_aoi_sample_202303_r2_edd035e463a2,region_chattogram_hills_candidate_r2,h26v06_r096_c064,96,64,92.05288,21.95833,2023-03,myd14a1_061_aqua,3100,2753,0,0.0,0.888065,available,calibration_not_released,unavailable
art_local_aoi_sample_202303_r2_edd035e463a2,region_chattogram_hills_candidate_r2,h26v06_r096_c065,96,65,92.14273,21.95833,2023-03,myd14a1_061_aqua,3100,2838,0,0.0,0.915484,available,calibration_not_released,unavailable
art_local_aoi_sample_202303_r2_edd035e463a2,region_chattogram_hills_candidate_r2,h26v06_r096_c066,96,66,92.23258,21.95833,2023-03,myd14a1_061_aqua,3100,2806,3,1.0691,0.905161,available,calibration_not_released,unavailable
art_local_aoi_sample_202303_r2_edd035e463a2,region_chattogram_hills_candidate_r2,h26v06_r096_c067,96,67,92.32244,21.95833,2023-03,myd14a1_061_aqua,3100,2796,3,1.073,0.901935,available,calibration_not_released,unavailable
art_local_aoi_sample_202303_r2_edd035e463a2,region_chattogram_hills_candidate_r2,h26v06_r096_c068,96,68,92.41229,21.95833,2023-03,myd14a1_061_aqua,3100,2819,4,1.4189,0.909355,available,calibration_not_released,unavailable
art_local_aoi_sample_202303_r2_edd035e463a2,region_chattogram_hills_candidate_r2,h26v06_r096_c069,96,69,92.50214,21.95833,2023-03,myd14a1_061_aqua,3100,2781,0,0.0,0.897097,available,calibration_not_released,unavailable
art_local_aoi_sample_202303_r2_edd035e463a2,region_chattogram_hills_candidate_r2,h26v06_r096_c070,96,70,92.59199,21.95833,2023-03,myd14a1_061_aqua,3100,2800,0,0.0,0.903226,available,calibration_not_released,unavailable
art_local_aoi_sample_202303_r2_edd035e463a2,region_chattogram_hills_candidate_r2,h26v06_r096_c071,96,71,92.68184,21.95833,2023-03,myd14a1_061_aqua,2201,1912,0,0.0,0.868696,available,calibration_not_released,unavailable
art_local_aoi_sample_202303_r2_edd035e463a2,region_chattogram_hills_candidate_r2,h26v06_r097_c062,97,62,91.81943,21.875,2023-03,myd14a1_061_aqua,449,371,0,0.0,0.826281,available,calibration_not_released,unavailable
art_local_aoi_sample_202303_r2_edd035e463a2,region_chattogram_hills_candidate_r2,h26v06_r097_c063,97,63,91.90923,21.875,2023-03,myd14a1_061_aqua,1764,1491,0,0.0,0.845238,available,calibration_not_released,unavailable
art_local_aoi_sample_202303_r2_edd035e463a2,region_chattogram_hills_candidate_r2,h26v06_r097_c064,97,64,91.99903,21.875,2023-03,myd14a1_061_aqua,3096,2699,4,1.482,0.87177,available,calibration_not_released,unavailable
art_local_aoi_sample_202303_r2_edd035e463a2,region_chattogram_hills_candidate_r2,h26v06_r097_c065,97,65,92.08883,21.875,2023-03,myd14a1_061_aqua,3100,2672,0,0.0,0.861935,available,calibration_not_released,unavailable
art_local_aoi_sample_202303_r2_edd035e463a2,region_chattogram_hills_candidate_r2,h26v06_r097_c066,97,66,92.17863,21.875,2023-03,myd14a1_061_aqua,3100,2794,0,0.0,0.90129,available,calibration_not_released,unavailable
art_local_aoi_sample_202303_r2_edd035e463a2,region_chattogram_hills_candidate_r2,h26v06_r097_c067,97,67,92.26843,21.875,2023-03,myd14a1_061_aqua,3100,2777,0,0.0,0.895806,available,calibration_not_released,unavailable
art_local_aoi_sample_202303_r2_edd035e463a2,region_chattogram_hills_candidate_r2,h26v06_r097_c068,97,68,92.35823,21.875,2023-03,myd14a1_061_aqua,3100,2739,0,0.0,0.883548,available,calibration_not_released,unavailable
art_local_aoi_sample_202303_r2_edd035e463a2,region_chattogram_hills_candidate_r2,h26v06_r097_c069,97,69,92.44803,21.875,2023-03,myd14a1_061_aqua,3100,2805,0,0.0,0.904839,available,calibration_not_released,unavailable
art_local_aoi_sample_202303_r2_edd035e463a2,region_chattogram_hills_candidate_r2,h26v06_r097_c070,97,70,92.53782,21.875,2023-03,myd14a1_061_aqua,3100,2730,0,0.0,0.880645,available,calibration_not_released,unavailable
art_local_aoi_sample_202303_r2_edd035e463a2,region_chattogram_hills_candidate_r2,h26v06_r097_c071,97,71,92.62762,21.875,2023-03,myd14a1_061_aqua,3100,2757,0,0.0,0.889355,available,calibration_not_released,unavailable
art_local_aoi_sample_202303_r2_edd035e463a2,region_chattogram_hills_candidate_r2,h26v06_r097_c072,97,72,92.71742,21.875,2023-03,myd14a1_061_aqua,961,863,0,0.0,0.898023,available,calibration_not_released,unavailable
art_local_aoi_sample_202303_r2_edd035e463a2,region_chattogram_hills_candidate_r2,h26v06_r098_c063,98,63,91.85569,21.79167,2023-03,myd14a1_061_aqua,217,178,0,0.0,0.820276,available,calibration_not_released,unavailable
art_local_aoi_sample_202303_r2_edd035e463a2,region_chattogram_hills_candidate_r2,h26v06_r098_c064,98,64,91.94544,21.79167,2023-03,myd14a1_061_aqua,2240,1935,0,0.0,0.863839,available,calibration_not_released,unavailable
art_local_aoi_sample_202303_r2_edd035e463a2,region_chattogram_hills_candidate_r2,h26v06_r098_c065,98,65,92.03518,21.79167,2023-03,myd14a1_061_aqua,3005,2646,0,0.0,0.880532,available,calibration_not_released,unavailable
art_local_aoi_sample_202303_r2_edd035e463a2,region_chattogram_hills_candidate_r2,h26v06_r098_c066,98,66,92.12493,21.79167,2023-03,myd14a1_061_aqua,3100,2811,10,3.5575,0.906774,available,calibration_not_released,unavailable
art_local_aoi_sample_202303_r2_edd035e463a2,region_chattogram_hills_candidate_r2,h26v06_r098_c067,98,67,92.21468,21.79167,2023-03,myd14a1_061_aqua,3100,2752,1,0.3634,0.887742,available,calibration_not_released,unavailable
art_local_aoi_sample_202303_r2_edd035e463a2,region_chattogram_hills_candidate_r2,h26v06_r098_c068,98,68,92.30442,21.79167,2023-03,myd14a1_061_aqua,3100,2784,0,0.0,0.898065,available,calibration_not_released,unavailable
art_local_aoi_sample_202303_r2_edd035e463a2,region_chattogram_hills_candidate_r2,h26v06_r098_c069,98,69,92.39417,21.79167,2023-03,myd14a1_061_aqua,3100,2871,0,0.0,0.926129,available,calibration_not_released,unavailable
art_local_aoi_sample_202303_r2_edd035e463a2,region_chattogram_hills_candidate_r2,h26v06_r098_c070,98,70,92.48392,21.79167,2023-03,myd14a1_061_aqua,3100,2866,0,0.0,0.924516,available,calibration_not_released,unavailable
art_local_aoi_sample_202303_r2_edd035e463a2,region_chattogram_hills_candidate_r2,h26v06_r098_c071,98,71,92.57366,21.79167,2023-03,myd14a1_061_aqua,3100,2830,0,0.0,0.912903,available,calibration_not_released,unavailable
art_local_aoi_sample_202303_r2_edd035e463a2,region_chattogram_hills_candidate_r2,h26v06_r098_c072,98,72,92.66341,21.79167,2023-03,myd14a1_061_aqua,2697,2420,0,0.0,0.897293,available,calibration_not_released,unavailable
art_local_aoi_sample_202303_r2_edd035e463a2,region_chattogram_hills_candidate_r2,h26v06_r098_c073,98,73,92.75316,21.79167,2023-03,myd14a1_061_aqua,124,109,0,0.0,0.879032,available,calibration_not_released,unavailable
art_local_aoi_sample_202303_r2_edd035e463a2,region_chattogram_hills_candidate_r2,h26v06_r099_c064,99,64,91.8921,21.70833,2023-03,myd14a1_061_aqua,314,269,0,0.0,0.856688,available,calibration_not_released,unavailable
art_local_aoi_sample_202303_r2_edd035e463a2,region_chattogram_hills_candidate_r2,h26v06_r099_c065,99,65,91.98179,21.70833,2023-03,myd14a1_061_aqua,819,727,0,0.0,0.887668,available,calibration_not_released,unavailable
art_local_aoi_sample_202303_r2_edd035e463a2,region_chattogram_hills_candidate_r2,h26v06_r099_c066,99,66,92.07149,21.70833,2023-03,myd14a1_061_aqua,1979,1760,0,0.0,0.889338,available,calibration_not_released,unavailable
art_local_aoi_sample_202303_r2_edd035e463a2,region_chattogram_hills_candidate_r2,h26v06_r099_c067,99,67,92.16118,21.70833,2023-03,myd14a1_061_aqua,3099,2662,4,1.5026,0.858987,available,calibration_not_released,unavailable
art_local_aoi_sample_202303_r2_edd035e463a2,region_chattogram_hills_candidate_r2,h26v06_r099_c068,99,68,92.25088,21.70833,2023-03,myd14a1_061_aqua,3100,2735,3,1.0969,0.882258,available,calibration_not_released,unavailable
art_local_aoi_sample_202303_r2_edd035e463a2,region_chattogram_hills_candidate_r2,h26v06_r099_c069,99,69,92.34057,21.70833,2023-03,myd14a1_061_aqua,3100,2821,0,0.0,0.91,available,calibration_not_released,unavailable
art_local_aoi_sample_202303_r2_edd035e463a2,region_chattogram_hills_candidate_r2,h26v06_r099_c070,99,70,92.43027,21.70833,2023-03,myd14a1_061_aqua,3100,2827,1,0.3537,0.911935,available,calibration_not_released,unavailable
art_local_aoi_sample_202303_r2_edd035e463a2,region_chattogram_hills_candidate_r2,h26v06_r099_c071,99,71,92.51996,21.70833,2023-03,myd14a1_061_aqua,3100,2740,0,0.0,0.883871,available,calibration_not_released,unavailable
art_local_aoi_sample_202303_r2_edd035e463a2,region_chattogram_hills_candidate_r2,h26v06_r099_c072,99,72,92.60966,21.70833,2023-03,myd14a1_061_aqua,3100,2755,0,0.0,0.88871,available,calibration_not_released,unavailable
art_local_aoi_sample_202303_r2_edd035e463a2,region_chattogram_hills_candidate_r2,h26v06_r099_c073,99,73,92.69935,21.70833,2023-03,myd14a1_061_aqua,1581,1395,0,0.0,0.882353,available,calibration_not_released,unavailable
art_local_aoi_sample_202303_r2_edd035e463a2,region_chattogram_hills_candidate_r2,h26v06_r100_c065,100,65,91.92866,21.625,2023-03,myd14a1_061_aqua,1595,1350,0,0.0,0.846395,available,calibration_not_released,unavailable
art_local_aoi_sample_202303_r2_edd035e463a2,region_chattogram_hills_candidate_r2,h26v06_r100_c066,100,66,92.0183,21.625,2023-03,myd14a1_061_aqua,747,632,0,0.0,0.846051,available,calibration_not_released,unavailable
art_local_aoi_sample_202303_r2_edd035e463a2,region_chattogram_hills_candidate_r2,h26v06_r100_c067,100,67,92.10795,21.625,2023-03,myd14a1_061_aqua,3065,2561,0,0.0,0.835563,available,calibration_not_released,unavailable
art_local_aoi_sample_202303_r2_edd035e463a2,region_chattogram_hills_candidate_r2,h26v06_r100_c068,100,68,92.19759,21.625,2023-03,myd14a1_061_aqua,3100,2741,4,1.4593,0.884194,available,calibration_not_released,unavailable
art_local_aoi_sample_202303_r2_edd035e463a2,region_chattogram_hills_candidate_r2,h26v06_r100_c069,100,69,92.28723,21.625,2023-03,myd14a1_061_aqua,3100,2781,16,5.7533,0.897097,available,calibration_not_released,unavailable
art_local_aoi_sample_202303_r2_edd035e463a2,region_chattogram_hills_candidate_r2,h26v06_r100_c070,100,70,92.37687,21.625,2023-03,myd14a1_061_aqua,3100,2764,0,0.0,0.891613,available,calibration_not_released,unavailable
art_local_aoi_sample_202303_r2_edd035e463a2,region_chattogram_hills_candidate_r2,h26v06_r100_c071,100,71,92.46652,21.625,2023-03,myd14a1_061_aqua,3100,2757,0,0.0,0.889355,available,calibration_not_released,unavailable
art_local_aoi_sample_202303_r2_edd035e463a2,region_chattogram_hills_candidate_r2,h26v06_r100_c072,100,72,92.55616,21.625,2023-03,myd14a1_061_aqua,3100,2776,0,0.0,0.895484,available,calibration_not_released,unavailable
art_local_aoi_sample_202303_r2_edd035e463a2,region_chattogram_hills_candidate_r2,h26v06_r100_c073,100,73,92.6458,21.625,2023-03,myd14a1_061_aqua,3007,2635,0,0.0,0.876289,available,calibration_not_released,unavailable
art_local_aoi_sample_202303_r2_edd035e463a2,region_chattogram_hills_candidate_r2,h26v06_r100_c074,100,74,92.73545,21.625,2023-03,myd14a1_061_aqua,434,373,0,0.0,0.859447,available,calibration_not_released,unavailable
art_local_aoi_sample_202303_r2_edd035e463a2,region_chattogram_hills_candidate_r2,h26v06_r101_c065,101,65,91.87578,21.54167,2023-03,myd14a1_061_aqua,561,500,0,0.0,0.891266,available,calibration_not_released,unavailable
art_local_aoi_sample_202303_r2_edd035e463a2,region_chattogram_hills_candidate_r2,h26v06_r101_c066,101,66,91.96538,21.54167,2023-03,myd14a1_061_aqua,1279,1101,0,0.0,0.860829,available,calibration_not_released,unavailable
art_local_aoi_sample_202303_r2_edd035e463a2,region_chattogram_hills_candidate_r2,h26v06_r101_c067,101,67,92.05497,21.54167,2023-03,myd14a1_061_aqua,2614,2278,0,0.0,0.871461,available,calibration_not_released,unavailable
art_local_aoi_sample_202303_r2_edd035e463a2,region_chattogram_hills_candidate_r2,h26v06_r101_c068,101,68,92.14456,21.54167,2023-03,myd14a1_061_aqua,3100,2777,0,0.0,0.895806,available,calibration_not_released,unavailable
art_local_aoi_sample_202303_r2_edd035e463a2,region_chattogram_hills_candidate_r2,h26v06_r101_c069,101,69,92.23415,21.54167,2023-03,myd14a1_061_aqua,3100,2701,2,0.7405,0.87129,available,calibration_not_released,unavailable
art_local_aoi_sample_202303_r2_edd035e463a2,region_chattogram_hills_candidate_r2,h26v06_r101_c070,101,70,92.32374,21.54167,2023-03,myd14a1_061_aqua,3100,2786,0,0.0,0.89871,available,calibration_not_released,unavailable
art_local_aoi_sample_202303_r2_edd035e463a2,region_chattogram_hills_candidate_r2,h26v06_r101_c071,101,71,92.41333,21.54167,2023-03,myd14a1_061_aqua,3100,2779,0,0.0,0.896452,available,calibration_not_released,unavailable
art_local_aoi_sample_202303_r2_edd035e463a2,region_chattogram_hills_candidate_r2,h26v06_r101_c072,101,72,92.50292,21.54167,2023-03,myd14a1_061_aqua,3100,2715,0,0.0,0.875806,available,calibration_not_released,unavailable
art_local_aoi_sample_202303_r2_edd035e463a2,region_chattogram_hills_candidate_r2,h26v06_r101_c073,101,73,92.59251,21.54167,2023-03,myd14a1_061_aqua,3100,2722,0,0.0,0.878065,available,calibration_not_released,unavailable
art_local_aoi_sample_202303_r2_edd035e463a2,region_chattogram_hills_candidate_r2,h26v06_r101_c074,101,74,92.6821,21.54167,2023-03,myd14a1_061_aqua,2170,1856,8,4.3103,0.8553,available,calibration_not_released,unavailable
art_local_aoi_sample_202303_r2_edd035e463a2,region_chattogram_hills_candidate_r2,h26v06_r102_c065,102,65,91.82316,21.45833,2023-03,myd14a1_061_aqua,25,22,0,0.0,0.88,available,calibration_not_released,unavailable
art_local_aoi_sample_202303_r2_edd035e463a2,region_chattogram_hills_candidate_r2,h26v06_r102_c066,102,66,91.9127,21.45833,2023-03,myd14a1_061_aqua,41,36,0,0.0,0.878049,available,calibration_not_released,unavailable
art_local_aoi_sample_202303_r2_edd035e463a2,region_chattogram_hills_candidate_r2,h26v06_r102_c067,102,67,92.00224,21.45833,2023-03,myd14a1_061_aqua,1972,1769,0,0.0,0.897059,available,calibration_not_released,unavailable
art_local_aoi_sample_202303_r2_edd035e463a2,region_chattogram_hills_candidate_r2,h26v06_r102_c068,102,68,92.09178,21.45833,2023-03,myd14a1_061_aqua,3100,2796,2,0.7153,0.901935,available,calibration_not_released,unavailable
art_local_aoi_sample_202303_r2_edd035e463a2,region_chattogram_hills_candidate_r2,h26v06_r102_c069,102,69,92.18132,21.45833,2023-03,myd14a1_061_aqua,3100,2749,0,0.0,0.886774,available,calibration_not_released,unavailable
art_local_aoi_sample_202303_r2_edd035e463a2,region_chattogram_hills_candidate_r2,h26v06_r102_c070,102,70,92.27086,21.45833,2023-03,myd14a1_061_aqua,3100,2754,0,0.0,0.888387,available,calibration_not_released,unavailable
art_local_aoi_sample_202303_r2_edd035e463a2,region_chattogram_hills_candidate_r2,h26v06_r102_c071,102,71,92.3604,21.45833,2023-03,myd14a1_061_aqua,3100,2804,13,4.6362,0.904516,available,calibration_not_released,unavailable
art_local_aoi_sample_202303_r2_edd035e463a2,region_chattogram_hills_candidate_r2,h26v06_r102_c072,102,72,92.44994,21.45833,2023-03,myd14a1_061_aqua,3100,2775,0,0.0,0.895161,available,calibration_not_released,unavailable
art_local_aoi_sample_202303_r2_edd035e463a2,region_chattogram_hills_candidate_r2,h26v06_r102_c073,102,73,92.53948,21.45833,2023-03,myd14a1_061_aqua,3100,2775,0,0.0,0.895161,available,calibration_not_released,unavailable
art_local_aoi_sample_202303_r2_edd035e463a2,region_chattogram_hills_candidate_r2,h26v06_r102_c074,102,74,92.62902,21.45833,2023-03,myd14a1_061_aqua,3100,2752,3,1.0901,0.887742,available,calibration_not_released,unavailable
art_local_aoi_sample_202303_r2_edd035e463a2,region_chattogram_hills_candidate_r2,h26v06_r102_c075,102,75,92.71856,21.45833,2023-03,myd14a1_061_aqua,899,791,19,24.0202,0.879867,available,calibration_not_released,unavailable
art_local_aoi_sample_202303_r2_edd035e463a2,region_chattogram_hills_candidate_r2,h26v06_r103_c067,103,67,91.94977,21.375,2023-03,myd14a1_061_aqua,134,119,0,0.0,0.88806,available,calibration_not_released,unavailable
art_local_aoi_sample_202303_r2_edd035e463a2,region_chattogram_hills_candidate_r2,h26v06_r103_c068,103,68,92.03926,21.375,2023-03,myd14a1_061_aqua,2092,1875,0,0.0,0.896272,available,calibration_not_released,unavailable
art_local_aoi_sample_202303_r2_edd035e463a2,region_chattogram_hills_candidate_r2,h26v06_r103_c069,103,69,92.12875,21.375,2023-03,myd14a1_061_aqua,3100,2695,0,0.0,0.869355,available,calibration_not_released,unavailable
art_local_aoi_sample_202303_r2_edd035e463a2,region_chattogram_hills_candidate_r2,h26v06_r103_c070,103,70,92.21824,21.375,2023-03,myd14a1_061_aqua,3100,2710,2,0.738,0.874194,available,calibration_not_released,unavailable
art_local_aoi_sample_202303_r2_edd035e463a2,region_chattogram_hills_candidate_r2,h26v06_r103_c071,103,71,92.30773,21.375,2023-03,myd14a1_061_aqua,3100,2778,4,1.4399,0.896129,available,calibration_not_released,unavailable
art_local_aoi_sample_202303_r2_edd035e463a2,region_chattogram_hills_candidate_r2,h26v06_r103_c072,103,72,92.39722,21.375,2023-03,myd14a1_061_aqua,3100,2733,0,0.0,0.881613,available,calibration_not_released,unavailable
art_local_aoi_sample_202303_r2_edd035e463a2,region_chattogram_hills_candidate_r2,h26v06_r103_c073,103,73,92.4867,21.375,2023-03,myd14a1_061_aqua,3100,2712,0,0.0,0.874839,available,calibration_not_released,unavailable
art_local_aoi_sample_202303_r2_edd035e463a2,region_chattogram_hills_candidate_r2,h26v06_r103_c074,103,74,92.57619,21.375,2023-03,myd14a1_061_aqua,3100,2751,0,0.0,0.887419,available,calibration_not_released,unavailable
art_local_aoi_sample_202303_r2_edd035e463a2,region_chattogram_hills_candidate_r2,h26v06_r103_c075,103,75,92.66568,21.375,2023-03,myd14a1_061_aqua,2666,2286,6,2.6247,0.857464,available,calibration_not_released,unavailable
art_local_aoi_sample_202303_r2_edd035e463a2,region_chattogram_hills_candidate_r2,h26v06_r103_c076,103,76,92.75517,21.375,2023-03,myd14a1_061_aqua,62,50,0,0.0,0.806452,available,calibration_not_released,unavailable
art_local_aoi_sample_202303_r2_edd035e463a2,region_chattogram_hills_candidate_r2,h26v06_r104_c068,104,68,91.98699,21.29167,2023-03,myd14a1_061_aqua,52,47,0,0.0,0.903846,available,calibration_not_released,unavailable
art_local_aoi_sample_202303_r2_edd035e463a2,region_chattogram_hills_candidate_r2,h26v06_r104_c069,104,69,92.07643,21.29167,2023-03,myd14a1_061_aqua,2291,1988,0,0.0,0.867743,available,calibration_not_released,unavailable
art_local_aoi_sample_202303_r2_edd035e463a2,region_chattogram_hills_candidate_r2,h26v06_r104_c070,104,70,92.16587,21.29167,2023-03,myd14a1_061_aqua,3100,2699,3,1.1115,0.870645,available,calibration_not_released,unavailable
art_local_aoi_sample_202303_r2_edd035e463a2,region_chattogram_hills_candidate_r2,h26v06_r104_c071,104,71,92.25531,21.29167,2023-03,myd14a1_061_aqua,3100,2719,6,2.2067,0.877097,available,calibration_not_released,unavailable
art_local_aoi_sample_202303_r2_edd035e463a2,region_chattogram_hills_candidate_r2,h26v06_r104_c072,104,72,92.34474,21.29167,2023-03,myd14a1_061_aqua,3100,2708,4,1.4771,0.873548,available,calibration_not_released,unavailable
art_local_aoi_sample_202303_r2_edd035e463a2,region_chattogram_hills_candidate_r2,h26v06_r104_c073,104,73,92.43418,21.29167,2023-03,myd14a1_061_aqua,3100,2736,0,0.0,0.882581,available,calibration_not_released,unavailable
art_local_aoi_sample_202303_r2_edd035e463a2,region_chattogram_hills_candidate_r2,h26v06_r104_c074,104,74,92.52362,21.29167,2023-03,myd14a1_061_aqua,3100,2667,0,0.0,0.860323,available,calibration_not_released,unavailable
art_local_aoi_sample_202303_r2_edd035e463a2,region_chattogram_hills_candidate_r2,h26v06_r104_c075,104,75,92.61306,21.29167,2023-03,myd14a1_061_aqua,3100,2637,0,0.0,0.850645,available,calibration_not_released,unavailable
art_local_aoi_sample_202303_r2_edd035e463a2,region_chattogram_hills_candidate_r2,h26v06_r104_c076,104,76,92.7025,21.29167,2023-03,myd14a1_061_aqua,1457,1247,0,0.0,0.855868,available,calibration_not_released,unavailable
art_local_aoi_sample_202303_r2_edd035e463a2,region_chattogram_hills_candidate_r2,h26v06_r105_c069,105,69,92.02437,21.20833,2023-03,myd14a1_061_aqua,535,453,0,0.0,0.846729,available,calibration_not_released,unavailable
art_local_aoi_sample_202303_r2_edd035e463a2,region_chattogram_hills_candidate_r2,h26v06_r105_c070,105,70,92.11375,21.20833,2023-03,myd14a1_061_aqua,2984,2633,1,0.3798,0.882373,available,calibration_not_released,unavailable
art_local_aoi_sample_202303_r2_edd035e463a2,region_chattogram_hills_candidate_r2,h26v06_r105_c071,105,71,92.20314,21.20833,2023-03,myd14a1_061_aqua,3100,2740,1,0.365,0.883871,available,calibration_not_released,unavailable
art_local_aoi_sample_202303_r2_edd035e463a2,region_chattogram_hills_candidate_r2,h26v06_r105_c072,105,72,92.29253,21.20833,2023-03,myd14a1_061_aqua,3100,2805,4,1.426,0.904839,available,calibration_not_released,unavailable
art_local_aoi_sample_202303_r2_edd035e463a2,region_chattogram_hills_candidate_r2,h26v06_r105_c073,105,73,92.38192,21.20833,2023-03,myd14a1_061_aqua,3100,2726,3,1.1005,0.879355,available,calibration_not_released,unavailable
art_local_aoi_sample_202303_r2_edd035e463a2,region_chattogram_hills_candidate_r2,h26v06_r105_c074,105,74,92.4713,21.20833,2023-03,myd14a1_061_aqua,3100,2654,5,1.8839,0.856129,available,calibration_not_released,unavailable
art_local_aoi_sample_202303_r2_edd035e463a2,region_chattogram_hills_candidate_r2,h26v06_r105_c075,105,75,92.56069,21.20833,2023-03,myd14a1_061_aqua,3100,2733,5,1.8295,0.881613,available,calibration_not_released,unavailable
art_local_aoi_sample_202303_r2_edd035e463a2,region_chattogram_hills_candidate_r2,h26v06_r105_c076,105,76,92.65008,21.20833,2023-03,myd14a1_061_aqua,2976,2614,0,0.0,0.87836,available,calibration_not_released,unavailable
art_local_aoi_sample_202303_r2_edd035e463a2,region_chattogram_hills_candidate_r2,h26v06_r105_c077,105,77,92.73947,21.20833,2023-03,myd14a1_061_aqua,310,268,0,0.0,0.864516,available,calibration_not_released,unavailable
art_local_aoi_sample_202303_r2_edd035e463a2,region_chattogram_hills_candidate_r2,h26v06_r106_c070,106,70,92.06189,21.125,2023-03,myd14a1_061_aqua,566,502,0,0.0,0.886926,available,calibration_not_released,unavailable
art_local_aoi_sample_202303_r2_edd035e463a2,region_chattogram_hills_candidate_r2,h26v06_r106_c071,106,71,92.15123,21.125,2023-03,myd14a1_061_aqua,2472,2226,2,0.8985,0.900485,available,calibration_not_released,unavailable
art_local_aoi_sample_202303_r2_edd035e463a2,region_chattogram_hills_candidate_r2,h26v06_r106_c072,106,72,92.24057,21.125,2023-03,myd14a1_061_aqua,2341,2122,3,1.4138,0.90645,available,calibration_not_released,unavailable
art_local_aoi_sample_202303_r2_edd035e463a2,region_chattogram_hills_candidate_r2,h26v06_r106_c073,106,73,92.3299,21.125,2023-03,myd14a1_061_aqua,3086,2779,6,2.1591,0.900518,available,calibration_not_released,unavailable
art_local_aoi_sample_202303_r2_edd035e463a2,region_chattogram_hills_candidate_r2,h26v06_r106_c074,106,74,92.41924,21.125,2023-03,myd14a1_061_aqua,3100,2694,1,0.3712,0.869032,available,calibration_not_released,unavailable
art_local_aoi_sample_202303_r2_edd035e463a2,region_chattogram_hills_candidate_r2,h26v06_r106_c075,106,75,92.50858,21.125,2023-03,myd14a1_061_aqua,3100,2735,0,0.0,0.882258,available,calibration_not_released,unavailable
art_local_aoi_sample_202303_r2_edd035e463a2,region_chattogram_hills_candidate_r2,h26v06_r106_c076,106,76,92.59792,21.125,2023-03,myd14a1_061_aqua,3100,2879,0,0.0,0.92871,available,calibration_not_released,unavailable
art_local_aoi_sample_202303_r2_edd035e463a2,region_chattogram_hills_candidate_r2,h26v06_r106_c077,106,77,92.68725,21.125,2023-03,myd14a1_061_aqua,1984,1777,0,0.0,0.895665,available,calibration_not_released,unavailable
art_local_aoi_sample_202303_r2_edd035e463a2,region_chattogram_hills_candidate_r2,h26v06_r107_c071,107,71,92.09957,21.04167,2023-03,myd14a1_061_aqua,135,118,0,0.0,0.874074,available,calibration_not_released,unavailable
art_local_aoi_sample_202303_r2_edd035e463a2,region_chattogram_hills_candidate_r2,h26v06_r107_c072,107,72,92.18886,21.04167,2023-03,myd14a1_061_aqua,1848,1655,0,0.0,0.895563,available,calibration_not_released,unavailable
art_local_aoi_sample_202303_r2_edd035e463a2,region_chattogram_hills_candidate_r2,h26v06_r107_c073,107,73,92.27815,21.04167,2023-03,myd14a1_061_aqua,1729,1530,1,0.6536,0.884905,available,calibration_not_released,unavailable
art_local_aoi_sample_202303_r2_edd035e463a2,region_chattogram_hills_candidate_r2,h26v06_r107_c074,107,74,92.36743,21.04167,2023-03,myd14a1_061_aqua,3088,2696,4,1.4837,0.873057,available,calibration_not_released,unavailable
art_local_aoi_sample_202303_r2_edd035e463a2,region_chattogram_hills_candidate_r2,h26v06_r107_c075,107,75,92.45672,21.04167,2023-03,myd14a1_061_aqua,3100,2712,1,0.3687,0.874839,available,calibration_not_released,unavailable
art_local_aoi_sample_202303_r2_edd035e463a2,region_chattogram_hills_candidate_r2,h26v06_r107_c076,107,76,92.54601,21.04167,2023-03,myd14a1_061_aqua,3100,2807,7,2.4938,0.905484,available,calibration_not_released,unavailable
art_local_aoi_sample_202303_r2_edd035e463a2,region_chattogram_hills_candidate_r2,h26v06_r107_c077,107,77,92.63529,21.04167,2023-03,myd14a1_061_aqua,3100,2855,0,0.0,0.920968,available,calibration_not_released,unavailable
art_local_aoi_sample_202303_r2_edd035e463a2,region_chattogram_hills_candidate_r2,h26v06_r107_c078,107,78,92.72458,21.04167,2023-03,myd14a1_061_aqua,713,666,0,0.0,0.934081,available,calibration_not_released,unavailable
art_local_aoi_sample_202303_r2_edd035e463a2,region_chattogram_hills_candidate_r2,h26v06_r108_c072,108,72,92.1374,20.95833,2023-03,myd14a1_061_aqua,21,20,0,0.0,0.952381,available,calibration_not_released,unavailable
art_local_aoi_sample_202303_r2_edd035e463a2,region_chattogram_hills_candidate_r2,h26v06_r108_c073,108,73,92.22664,20.95833,2023-03,myd14a1_061_aqua,1204,1135,0,0.0,0.942691,available,calibration_not_released,unavailable
art_local_aoi_sample_202303_r2_edd035e463a2,region_chattogram_hills_candidate_r2,h26v06_r108_c074,108,74,92.31588,20.95833,2023-03,myd14a1_061_aqua,926,871,0,0.0,0.940605,available,calibration_not_released,unavailable
art_local_aoi_sample_202303_r2_edd035e463a2,region_chattogram_hills_candidate_r2,h26v06_r108_c075,108,75,92.40512,20.95833,2023-03,myd14a1_061_aqua,2529,2274,0,0.0,0.89917,available,calibration_not_released,unavailable
art_local_aoi_sample_202303_r2_edd035e463a2,region_chattogram_hills_candidate_r2,h26v06_r108_c076,108,76,92.49435,20.95833,2023-03,myd14a1_061_aqua,3100,2816,3,1.0653,0.908387,available,calibration_not_released,unavailable
art_local_aoi_sample_202303_r2_edd035e463a2,region_chattogram_hills_candidate_r2,h26v06_r108_c077,108,77,92.58359,20.95833,2023-03,myd14a1_061_aqua,3100,2858,8,2.7992,0.921935,available,calibration_not_released,unavailable
art_local_aoi_sample_202303_r2_edd035e463a2,region_chattogram_hills_candidate_r2,h26v06_r108_c078,108,78,92.67283,20.95833,2023-03,myd14a1_061_aqua,2449,2279,0,0.0,0.930584,available,calibration_not_released,unavailable
art_local_aoi_sample_202303_r2_edd035e463a2,region_chattogram_hills_candidate_r2,h26v06_r108_c079,108,79,92.76206,20.95833,2023-03,myd14a1_061_aqua,31,28,0,0.0,0.903226,available,calibration_not_released,unavailable
art_local_aoi_sample_202303_r2_edd035e463a2,region_chattogram_hills_candidate_r2,h26v06_r109_c073,109,73,92.17539,20.875,2023-03,myd14a1_061_aqua,26,25,0,0.0,0.961538,available,calibration_not_released,unavailable
art_local_aoi_sample_202303_r2_edd035e463a2,region_chattogram_hills_candidate_r2,h26v06_r109_c074,109,74,92.26458,20.875,2023-03,myd14a1_061_aqua,806,764,0,0.0,0.947891,available,calibration_not_released,unavailable
art_local_aoi_sample_202303_r2_edd035e463a2,region_chattogram_hills_candidate_r2,h26v06_r109_c075,109,75,92.35376,20.875,2023-03,myd14a1_061_aqua,1738,1577,0,0.0,0.907365,available,calibration_not_released,unavailable
art_local_aoi_sample_202303_r2_edd035e463a2,region_chattogram_hills_candidate_r2,h26v06_r109_c076,109,76,92.44295,20.875,2023-03,myd14a1_061_aqua,3100,2836,0,0.0,0.914839,available,calibration_not_released,unavailable
art_local_aoi_sample_202303_r2_edd035e463a2,region_chattogram_hills_candidate_r2,h26v06_r109_c077,109,77,92.53214,20.875,2023-03,myd14a1_061_aqua,3064,2716,0,0.0,0.886423,available,calibration_not_released,unavailable
art_local_aoi_sample_202303_r2_edd035e463a2,region_chattogram_hills_candidate_r2,h26v06_r109_c078,109,78,92.62133,20.875,2023-03,myd14a1_061_aqua,3090,2817,0,0.0,0.91165,available,calibration_not_released,unavailable
art_local_aoi_sample_202303_r2_edd035e463a2,region_chattogram_hills_candidate_r2,h26v06_r109_c079,109,79,92.71051,20.875,2023-03,myd14a1_061_aqua,1178,1069,1,0.9355,0.90747,available,calibration_not_released,unavailable
art_local_aoi_sample_202303_r2_edd035e463a2,region_chattogram_hills_candidate_r2,h26v06_r110_c075,110,75,92.30266,20.79167,2023-03,myd14a1_061_aqua,326,299,0,0.0,0.917178,available,calibration_not_released,unavailable
art_local_aoi_sample_202303_r2_edd035e463a2,region_chattogram_hills_candidate_r2,h26v06_r110_c076,110,76,92.3918,20.79167,2023-03,myd14a1_061_aqua,1770,1641,0,0.0,0.927119,available,calibration_not_released,unavailable
art_local_aoi_sample_202303_r2_edd035e463a2,region_chattogram_hills_candidate_r2,h26v06_r110_c077,110,77,92.48094,20.79167,2023-03,myd14a1_061_aqua,3079,2863,0,0.0,0.929847,available,calibration_not_released,unavailable
art_local_aoi_sample_202303_r2_edd035e463a2,region_chattogram_hills_candidate_r2,h26v06_r110_c078,110,78,92.57008,20.79167,2023-03,myd14a1_061_aqua,2905,2642,0,0.0,0.909466,available,calibration_not_released,unavailable
art_local_aoi_sample_202303_r2_edd035e463a2,region_chattogram_hills_candidate_r2,h26v06_r110_c079,110,79,92.65922,20.79167,2023-03,myd14a1_061_aqua,2821,2577,0,0.0,0.913506,available,calibration_not_released,unavailable
art_local_aoi_sample_202303_r2_edd035e463a2,region_chattogram_hills_candidate_r2,h26v06_r110_c080,110,80,92.74836,20.79167,2023-03,myd14a1_061_aqua,155,141,0,0.0,0.909677,available,calibration_not_released,unavailable
art_local_aoi_sample_202303_r2_edd035e463a2,region_chattogram_hills_candidate_r2,h26v06_r111_c076,111,76,92.3409,20.70833,2023-03,myd14a1_061_aqua,12,11,0,0.0,0.916667,available,calibration_not_released,unavailable
art_local_aoi_sample_202303_r2_edd035e463a2,region_chattogram_hills_candidate_r2,h26v06_r111_c077,111,77,92.42999,20.70833,2023-03,myd14a1_061_aqua,1683,1551,1,0.6447,0.921569,available,calibration_not_released,unavailable
art_local_aoi_sample_202303_r2_edd035e463a2,region_chattogram_hills_candidate_r2,h26v06_r111_c078,111,78,92.51908,20.70833,2023-03,myd14a1_061_aqua,2995,2759,0,0.0,0.921202,available,calibration_not_released,unavailable
art_local_aoi_sample_202303_r2_edd035e463a2,region_chattogram_hills_candidate_r2,h26v06_r111_c079,111,79,92.60817,20.70833,2023-03,myd14a1_061_aqua,2596,2336,3,1.2842,0.899846,available,calibration_not_released,unavailable
art_local_aoi_sample_202303_r2_edd035e463a2,region_chattogram_hills_candidate_r2,h26v06_r111_c080,111,80,92.69726,20.70833,2023-03,myd14a1_061_aqua,1408,1270,1,0.7874,0.901989,available,calibration_not_released,unavailable
art_local_aoi_sample_202303_r2_edd035e463a2,region_chattogram_hills_candidate_r2,h26v06_r112_c078,112,78,92.46834,20.625,2023-03,myd14a1_061_aqua,662,582,0,0.0,0.879154,available,calibration_not_released,unavailable
art_local_aoi_sample_202303_r2_edd035e463a2,region_chattogram_hills_candidate_r2,h26v06_r112_c079,112,79,92.55738,20.625,2023-03,myd14a1_061_aqua,2347,2048,0,0.0,0.872603,available,calibration_not_released,unavailable
art_local_aoi_sample_202303_r2_edd035e463a2,region_chattogram_hills_candidate_r2,h26v06_r112_c080,112,80,92.64642,20.625,2023-03,myd14a1_061_aqua,2020,1770,0,0.0,0.876238,available,calibration_not_released,unavailable
art_local_aoi_sample_202303_r2_edd035e463a2,region_chattogram_hills_candidate_r2,h26v06_r112_c081,112,81,92.73546,20.625,2023-03,myd14a1_061_aqua,101,95,0,0.0,0.940594,available,calibration_not_released,unavailable
