artifact_id,region_id,block_id,month,product_id,native_rate_per_1000,support_fraction,comparison_status,investigation_priority
art_local_demo_contract_0001,region_chattogram_hills_r1,region_chattogram_hills_r1_b01_01,2013-01,myd14a1_061_aqua,34.6774,0.899855,calibration_not_released,unavailable
art_local_demo_contract_0001,region_chattogram_hills_r1,region_chattogram_hills_r1_b01_01,2013-02,myd14a1_061_aqua,47.504,0.890323,calibration_not_released,unavailable
art_local_demo_contract_0001,region_chattogram_hills_r1,region_chattogram_hills_r1_b01_01,2013-03,myd14a1_061_aqua,50.5618,0.879944,calibration_not_released,unavailable
art_local_demo_contract_0001,region_chattogram_hills_r1,region_chattogram_hills_r1_b01_01,2013-04,myd14a1_061_aqua,52.8885,0.91991,calibration_not_released,unavailable
art_local_demo_contract_0001,region_chattogram_hills_r1,region_chattogram_hills_r1_b01_01,2013-05,myd14a1_061_aqua,43.3437,0.870034,calibration_not_released,unavailable
art_local_demo_contract_0001,region_chattogram_hills_r1,region_chattogram_hills_r1_b01_01,2013-06,myd14a1_061_aqua,41.828,0.900279,calibration_not_released,unavailable
art_local_demo_contract_0001,region_chattogram_hills_r1,region_chattogram_hills_r1_b01_01,2013-07,myd14a1_061_aqua,29.8742,0.879668,calibration_not_released,unavailable
art_local_demo_contract_0001,region_chattogram_hills_r1,region_chattogram_hills_r1_b01_01,2013-08,myd14a1_061_aqua,31.5279,0.910228,calibration_not_released,unavailable
art_local_demo_contract_0001,region_chattogram_hills_r1,region_chattogram_hills_r1_b01_01,2013-09,myd14a1_061_aqua,17.7606,0.879755,calibration_not_released,unavailable
art_local_demo_contract_0001,region_chattogram_hills_r1,region_chattogram_hills_r1_b01_01,2013-10,myd14a1_061_aqua,11.9427,0.929682,calibration_not_released,unavailable
art_local_demo_contract_0001,region_chattogram_hills_r1,region_chattogram_hills_r1_b01_01,2013-11,myd14a1_061_aqua,9.0684,0.889949,calibration_not_released,unavailable
art_local_demo_contract_0001,region_chattogram_hills_r1,region_chattogram_hills_r1_b01_01,2013-12,myd14a1_061_aqua,11.5607,0.940217,calibration_not_released,unavailable
art_local_demo_contract_0001,region_chattogram_hills_r1,region_chattogram_hills_r1_b01_01,2014-01,myd14a1_061_aqua,33.5938,0.939794,calibration_not_released,unavailable
art_local_demo_contract_0001,region_chattogram_hills_r1,region_chattogram_hills_r1_b01_01,2014-02,myd14a1_061_aqua,51.3036,0.860347,calibration_not_released,unavailable
art_local_demo_contract_0001,region_chattogram_hills_r1,region_chattogram_hills_r1_b01_01,2014-03,myd14a1_061_aqua,57.9585,0.860119,calibration_not_released,unavailable
art_local_demo_contract_0001,region_chattogram_hills_r1,region_chattogram_hills_r1_b01_01,2014-04,myd14a1_061_aqua,56.2837,0.869886,calibration_not_released,unavailable
art_local_demo_contract_0001,region_chattogram_hills_r1,region_chattogram_hills_r1_b01_01,2014-05,myd14a1_061_aqua,53.1915,0.869751,calibration_not_released,unavailable
art_local_demo_contract_0001,region_chattogram_hills_r1,region_chattogram_hills_r1_b01_01,2014-06,myd14a1_061_aqua,41.4386,0.91032,calibration_not_released,unavailable
art_local_demo_contract_0001,region_chattogram_hills_r1,region_chattogram_hills_r1_b01_01,2014-07,myd14a1_061_aqua,38.3632,0.859971,calibration_not_released,unavailable
art_local_demo_contract_0001,region_chattogram_hills_r1,region_chattogram_hills_r1_b01_01,2014-08,myd14a1_061_aqua,32.5733,0.910304,calibration_not_released,unavailable
art_local_demo_contract_0001,region_chattogram_hills_r1,region_chattogram_hills_r1_b01_01,2014-09,myd14a1_061_aqua,26.5418,0.930283,calibration_not_released,unavailable
art_local_demo_contract_0001,region_chattogram_hills_r1,region_chattogram_hills_r1_b01_01,2014-10,myd14a1_061_aqua,17.177,0.899866,calibration_not_released,unavailable
art_local_demo_contract_0001,region_chattogram_hills_r1,region_chattogram_hills_r1_b01_01,2014-11,myd14a1_061_aqua,18.8216,0.890022,calibration_not_released,unavailable
art_local_demo_contract_0001,region_chattogram_hills_r1,region_chattogram_hills_r1_b01_01,2014-12,myd14a1_061_aqua,11.041,0.860244,calibration_not_released,unavailable
art_local_demo_contract_0001,region_chattogram_hills_r1,region_chattogram_hills_r1_b01_01,2015-01,myd14a1_061_aqua,40.3727,0.92,calibration_not_released,unavailable
art_local_demo_contract_0001,region_chattogram_hills_r1,region_chattogram_hills_r1_b01_01,2015-02,myd14a1_061_aqua,41.7001,0.870202,calibration_not_released,unavailable
art_local_demo_contract_0001,region_chattogram_hills_r1,region_chattogram_hills_r1_b01_01,2015-03,myd14a1_061_aqua,55.1242,0.92,calibration_not_released,unavailable
art_local_demo_contract_0001,region_chattogram_hills_r1,region_chattogram_hills_r1_b01_01,2015-04,myd14a1_061_aqua,55.5127,0.869886,calibration_not_released,unavailable
art_local_demo_contract_0001,region_chattogram_hills_r1,region_chattogram_hills_r1_b01_01,2015-05,myd14a1_061_aqua,57.2831,0.869751,calibration_not_released,unavailable
art_local_demo_contract_0001,region_chattogram_hills_r1,region_chattogram_hills_r1_b01_01,2015-06,myd14a1_061_aqua,50.5529,0.920058,calibration_not_released,unavailable
art_local_demo_contract_0001,region_chattogram_hills_r1,region_chattogram_hills_r1_b01_01,2015-07,myd14a1_061_aqua,44.4811,0.870251,calibration_not_released,unavailable
art_local_demo_contract_0001,region_chattogram_hills_r1,region_chattogram_hills_r1_b01_01,2015-08,myd14a1_061_aqua,32.0,0.859697,calibration_not_released,unavailable
art_local_demo_contract_0001,region_chattogram_hills_r1,region_chattogram_hills_r1_b01_01,2015-09,myd14a1_061_aqua,31.4713,0.929773,calibration_not_released,unavailable
art_local_demo_contract_0001,region_chattogram_hills_r1,region_chattogram_hills_r1_b01_01,2015-10,myd14a1_061_aqua,19.9262,0.939667,calibration_not_released,unavailable
art_local_demo_contract_0001,region_chattogram_hills_r1,region_chattogram_hills_r1_b01_01,2015-11,myd14a1_061_aqua,19.1083,0.860274,calibration_not_released,unavailable
art_local_demo_contract_0001,region_chattogram_hills_r1,region_chattogram_hills_r1_b01_01,2015-12,myd14a1_061_aqua,5.9613,0.949752,calibration_not_released,unavailable
art_local_demo_contract_0001,region_chattogram_hills_r1,region_chattogram_hills_r1_b01_01,2016-01,myd14a1_061_aqua,41.0959,0.930248,calibration_not_released,unavailable
art_local_demo_contract_0001,region_chattogram_hills_r1,region_chattogram_hills_r1_b01_01,2016-02,myd14a1_061_aqua,47.7366,0.869721,calibration_not_released,unavailable
art_local_demo_contract_0001,region_chattogram_hills_r1,region_chattogram_hills_r1_b01_01,2016-03,myd14a1_061_aqua,48.4897,0.899857,calibration_not_released,unavailable
art_local_demo_contract_0001,region_chattogram_hills_r1,region_chattogram_hills_r1_b01_01,2016-04,myd14a1_061_aqua,61.4568,0.900273,calibration_not_released,unavailable
art_local_demo_contract_0001,region_chattogram_hills_r1,region_chattogram_hills_r1_b01_01,2016-05,myd14a1_061_aqua,53.3537,0.929837,calibration_not_released,unavailable
art_local_demo_contract_0001,region_chattogram_hills_r1,region_chattogram_hills_r1_b01_01,2016-06,myd14a1_061_aqua,39.7686,0.930061,calibration_not_released,unavailable
art_local_demo_contract_0001,region_chattogram_hills_r1,region_chattogram_hills_r1_b01_01,2016-07,myd14a1_061_aqua,34.8929,0.939642,calibration_not_released,unavailable
art_local_demo_contract_0001,region_chattogram_hills_r1,region_chattogram_hills_r1_b01_01,2016-08,myd14a1_061_aqua,28.2943,0.910228,calibration_not_released,unavailable
art_local_demo_contract_0001,region_chattogram_hills_r1,region_chattogram_hills_r1_b01_01,2016-09,myd14a1_061_aqua,23.8487,0.879884,calibration_not_released,unavailable
art_local_demo_contract_0001,region_chattogram_hills_r1,region_chattogram_hills_r1_b01_01,2016-10,myd14a1_061_aqua,14.383,0.899864,calibration_not_released,unavailable
art_local_demo_contract_0001,region_chattogram_hills_r1,region_chattogram_hills_r1_b01_01,2016-11,myd14a1_061_aqua,17.502,0.920205,calibration_not_released,unavailable
art_local_demo_contract_0001,region_chattogram_hills_r1,region_chattogram_hills_r1_b01_01,2016-12,myd14a1_061_aqua,9.2807,0.859707,calibration_not_released,unavailable
art_local_demo_contract_0001,region_chattogram_hills_r1,region_chattogram_hills_r1_b01_01,2017-01,myd14a1_061_aqua,33.3069,0.889908,calibration_not_released,unavailable
art_local_demo_contract_0001,region_chattogram_hills_r1,region_chattogram_hills_r1_b01_01,2017-02,myd14a1_061_aqua,40.0,0.950035,calibration_not_released,unavailable
art_local_demo_contract_0001,region_chattogram_hills_r1,region_chattogram_hills_r1_b01_01,2017-03,myd14a1_061_aqua,44.9695,0.899863,calibration_not_released,unavailable
art_local_demo_contract_0001,region_chattogram_hills_r1,region_chattogram_hills_r1_b01_01,2017-04,myd14a1_061_aqua,51.3196,0.929789,calibration_not_released,unavailable
art_local_demo_contract_0001,region_chattogram_hills_r1,region_chattogram_hills_r1_b01_01,2017-05,myd14a1_061_aqua,53.3778,0.860115,calibration_not_released,unavailable
art_local_demo_contract_0001,region_chattogram_hills_r1,region_chattogram_hills_r1_b01_01,2017-06,myd14a1_061_aqua,39.4633,0.939911,calibration_not_released,unavailable
art_local_demo_contract_0001,region_chattogram_hills_r1,region_chattogram_hills_r1_b01_01,2017-07,myd14a1_061_aqua,38.0818,0.949766,calibration_not_released,unavailable
art_local_demo_contract_0001,region_chattogram_hills_r1,region_chattogram_hills_r1_b01_01,2017-08,myd14a1_061_aqua,33.7727,0.870251,calibration_not_released,unavailable
art_local_demo_contract_0001,region_chattogram_hills_r1,region_chattogram_hills_r1_b01_01,2017-09,myd14a1_061_aqua,29.3902,0.939917,calibration_not_released,unavailable
art_local_demo_contract_0001,region_chattogram_hills_r1,region_chattogram_hills_r1_b01_01,2017-10,myd14a1_061_aqua,16.5877,0.870103,calibration_not_released,unavailable
art_local_demo_contract_0001,region_chattogram_hills_r1,region_chattogram_hills_r1_b01_01,2017-11,myd14a1_061_aqua,10.906,0.900302,calibration_not_released,unavailable
art_local_demo_contract_0001,region_chattogram_hills_r1,region_chattogram_hills_r1_b01_01,2017-12,myd14a1_061_aqua,15.6128,0.879808,calibration_not_released,unavailable
art_local_demo_contract_0001,region_chattogram_hills_r1,region_chattogram_hills_r1_b01_01,2018-01,myd14a1_061_aqua,39.7816,0.909865,calibration_not_released,unavailable
art_local_demo_contract_0001,region_chattogram_hills_r1,region_chattogram_hills_r1_b01_01,2018-02,myd14a1_061_aqua,43.0029,0.939726,calibration_not_released,unavailable
art_local_demo_contract_0001,region_chattogram_hills_r1,region_chattogram_hills_r1_b01_01,2018-03,myd14a1_061_aqua,55.4734,0.950105,calibration_not_released,unavailable
art_local_demo_contract_0001,region_chattogram_hills_r1,region_chattogram_hills_r1_b01_01,2018-04,myd14a1_061_aqua,57.1429,0.909747,calibration_not_released,unavailable
art_local_demo_contract_0001,region_chattogram_hills_r1,region_chattogram_hills_r1_b01_01,2018-05,myd14a1_061_aqua,57.0547,0.919858,calibration_not_released,unavailable
art_local_demo_contract_0001,region_chattogram_hills_r1,region_chattogram_hills_r1_b01_01,2018-06,myd14a1_061_aqua,44.107,0.930061,calibration_not_released,unavailable
art_local_demo_contract_0001,region_chattogram_hills_r1,region_chattogram_hills_r1_b01_01,2018-07,myd14a1_061_aqua,45.9502,0.929761,calibration_not_released,unavailable
art_local_demo_contract_0001,region_chattogram_hills_r1,region_chattogram_hills_r1_b01_01,2018-08,myd14a1_061_aqua,37.3626,0.940083,calibration_not_released,unavailable
art_local_demo_contract_0001,region_chattogram_hills_r1,region_chattogram_hills_r1_b01_01,2018-09,myd14a1_061_aqua,28.2797,0.860135,calibration_not_released,unavailable
art_local_demo_contract_0001,region_chattogram_hills_r1,region_chattogram_hills_r1_b01_01,2018-10,myd14a1_061_aqua,15.8604,0.889908,calibration_not_released,unavailable
art_local_demo_contract_0001,region_chattogram_hills_r1,region_chattogram_hills_r1_b01_01,2018-11,myd14a1_061_aqua,16.6305,0.930061,calibration_not_released,unavailable
art_local_demo_contract_0001,region_chattogram_hills_r1,region_chattogram_hills_r1_b01_01,2018-12,myd14a1_061_aqua,13.5135,0.879643,calibration_not_released,unavailable
art_local_demo_contract_0001,region_chattogram_hills_r1,region_chattogram_hills_r1_b01_01,2019-01,myd14a1_061_aqua,28.1065,0.950105,calibration_not_released,unavailable
art_local_demo_contract_0001,region_chattogram_hills_r1,region_chattogram_hills_r1_b01_01,2019-02,myd14a1_061_aqua,47.2813,0.94,calibration_not_released,unavailable
art_local_demo_contract_0001,region_chattogram_hills_r1,region_chattogram_hills_r1_b01_01,2019-03,myd14a1_061_aqua,42.5367,0.859707,calibration_not_released,unavailable
art_local_demo_contract_0001,region_chattogram_hills_r1,region_chattogram_hills_r1_b01_01,2019-04,myd14a1_061_aqua,53.8401,0.950339,calibration_not_released,unavailable
art_local_demo_contract_0001,region_chattogram_hills_r1,region_chattogram_hills_r1_b01_01,2019-05,myd14a1_061_aqua,41.7933,0.92028,calibration_not_released,unavailable
art_local_demo_contract_0001,region_chattogram_hills_r1,region_chattogram_hills_r1_b01_01,2019-06,myd14a1_061_aqua,44.6067,0.909963,calibration_not_released,unavailable
art_local_demo_contract_0001,region_chattogram_hills_r1,region_chattogram_hills_r1_b01_01,2019-07,myd14a1_061_aqua,35.4862,0.950101,calibration_not_released,unavailable
art_local_demo_contract_0001,region_chattogram_hills_r1,region_chattogram_hills_r1_b01_01,2019-08,myd14a1_061_aqua,25.0,0.939794,calibration_not_released,unavailable
art_local_demo_contract_0001,region_chattogram_hills_r1,region_chattogram_hills_r1_b01_01,2019-09,myd14a1_061_aqua,19.9704,0.940195,calibration_not_released,unavailable
art_local_demo_contract_0001,region_chattogram_hills_r1,region_chattogram_hills_r1_b01_01,2019-10,myd14a1_061_aqua,16.9242,0.930185,calibration_not_released,unavailable
art_local_demo_contract_0001,region_chattogram_hills_r1,region_chattogram_hills_r1_b01_01,2019-11,myd14a1_061_aqua,14.3312,0.860274,calibration_not_released,unavailable
art_local_demo_contract_0001,region_chattogram_hills_r1,region_chattogram_hills_r1_b01_01,2019-12,myd14a1_061_aqua,17.134,0.929761,calibration_not_released,unavailable
art_local_demo_contract_0001,region_chattogram_hills_r1,region_chattogram_hills_r1_b01_01,2020-01,myd14a1_061_aqua,33.3876,0.879656,calibration_not_released,unavailable
art_local_demo_contract_0001,region_chattogram_hills_r1,region_chattogram_hills_r1_b01_01,2020-02,myd14a1_061_aqua,46.9283,0.870082,calibration_not_released,unavailable
art_local_demo_contract_0001,region_chattogram_hills_r1,region_chattogram_hills_r1_b01_01,2020-03,myd14a1_061_aqua,42.4886,0.940086,calibration_not_released,unavailable
art_local_demo_contract_0001,region_chattogram_hills_r1,region_chattogram_hills_r1_b01_01,2020-04,myd14a1_061_aqua,56.3847,0.910189,calibration_not_released,unavailable
art_local_demo_contract_0001,region_chattogram_hills_r1,region_chattogram_hills_r1_b01_01,2020-05,myd14a1_061_aqua,54.5886,0.880223,calibration_not_released,unavailable
art_local_demo_contract_0001,region_chattogram_hills_r1,region_chattogram_hills_r1_b01_01,2020-06,myd14a1_061_aqua,44.0061,0.900273,calibration_not_released,unavailable
art_local_demo_contract_0001,region_chattogram_hills_r1,region_chattogram_hills_r1_b01_01,2020-07,myd14a1_061_aqua,37.3295,0.939946,calibration_not_released,unavailable
art_local_demo_contract_0001,region_chattogram_hills_r1,region_chattogram_hills_r1_b01_01,2020-08,myd14a1_061_aqua,32.5139,0.889908,calibration_not_released,unavailable
art_local_demo_contract_0001,region_chattogram_hills_r1,region_chattogram_hills_r1_b01_01,2020-09,myd14a1_061_aqua,19.984,0.909818,calibration_not_released,unavailable
art_local_demo_contract_0001,region_chattogram_hills_r1,region_chattogram_hills_r1_b01_01,2020-10,myd14a1_061_aqua,19.1882,0.939667,calibration_not_released,unavailable
art_local_demo_contract_0001,region_chattogram_hills_r1,region_chattogram_hills_r1_b01_01,2020-11,myd14a1_061_aqua,14.0969,0.859848,calibration_not_released,unavailable
art_local_demo_contract_0001,region_chattogram_hills_r1,region_chattogram_hills_r1_b01_01,2020-12,myd14a1_061_aqua,18.5811,0.879643,calibration_not_released,unavailable
art_local_demo_contract_0001,region_chattogram_hills_r1,region_chattogram_hills_r1_b01_01,2021-01,myd14a1_061_aqua,45.0886,0.92,calibration_not_released,unavailable
art_local_demo_contract_0001,region_chattogram_hills_r1,region_chattogram_hills_r1_b01_01,2021-02,myd14a1_061_aqua,44.0154,0.890034,calibration_not_released,unavailable
art_local_demo_contract_0001,region_chattogram_hills_r1,region_chattogram_hills_r1_b01_01,2021-03,myd14a1_061_aqua,60.5536,0.860119,calibration_not_released,unavailable
art_local_demo_contract_0001,region_chattogram_hills_r1,region_chattogram_hills_r1_b01_01,2021-04,myd14a1_061_aqua,66.838,0.870246,calibration_not_released,unavailable
art_local_demo_contract_0001,region_chattogram_hills_r1,region_chattogram_hills_r1_b01_01,2021-05,myd14a1_061_aqua,51.9685,0.889979,calibration_not_released,unavailable
art_local_demo_contract_0001,region_chattogram_hills_r1,region_chattogram_hills_r1_b01_01,2021-06,myd14a1_061_aqua,46.7359,0.949965,calibration_not_released,unavailable
art_local_demo_contract_0001,region_chattogram_hills_r1,region_chattogram_hills_r1_b01_01,2021-07,myd14a1_061_aqua,38.4013,0.859838,calibration_not_released,unavailable
art_local_demo_contract_0001,region_chattogram_hills_r1,region_chattogram_hills_r1_b01_01,2021-08,myd14a1_061_aqua,26.0736,0.949745,calibration_not_released,unavailable
art_local_demo_contract_0001,region_chattogram_hills_r1,region_chattogram_hills_r1_b01_01,2021-09,myd14a1_061_aqua,25.974,0.900275,calibration_not_released,unavailable
art_local_demo_contract_0001,region_chattogram_hills_r1,region_chattogram_hills_r1_b01_01,2021-10,myd14a1_061_aqua,18.7891,0.949769,calibration_not_released,unavailable
art_local_demo_contract_0001,region_chattogram_hills_r1,region_chattogram_hills_r1_b01_01,2021-11,myd14a1_061_aqua,11.4007,0.900293,calibration_not_released,unavailable
art_local_demo_contract_0001,region_chattogram_hills_r1,region_chattogram_hills_r1_b01_01,2021-12,myd14a1_061_aqua,9.2095,0.93005,calibration_not_released,unavailable
art_local_demo_contract_0001,region_chattogram_hills_r1,region_chattogram_hills_r1_b01_01,2022-01,myd14a1_061_aqua,32.8103,0.939678,calibration_not_released,unavailable
art_local_demo_contract_0001,region_chattogram_hills_r1,region_chattogram_hills_r1_b01_01,2022-02,myd14a1_061_aqua,42.4088,0.889811,calibration_not_released,unavailable
art_local_demo_contract_0001,region_chattogram_hills_r1,region_chattogram_hills_r1_b01_01,2022-03,myd14a1_061_aqua,57.676,0.870111,calibration_not_released,unavailable
art_local_demo_contract_0001,region_chattogram_hills_r1,region_chattogram_hills_r1_b01_01,2022-04,myd14a1_061_aqua,62.1118,0.910247,calibration_not_released,unavailable
art_local_demo_contract_0001,region_chattogram_hills_r1,region_chattogram_hills_r1_b01_01,2022-05,myd14a1_061_aqua,45.2801,0.93005,calibration_not_released,unavailable
art_local_demo_contract_0001,region_chattogram_hills_r1,region_chattogram_hills_r1_b01_01,2022-06,myd14a1_061_aqua,46.6772,0.900285,calibration_not_released,unavailable
art_local_demo_contract_0001,region_chattogram_hills_r1,region_chattogram_hills_r1_b01_01,2022-07,myd14a1_061_aqua,43.5484,0.899855,calibration_not_released,unavailable
art_local_demo_contract_0001,region_chattogram_hills_r1,region_chattogram_hills_r1_b01_01,2022-08,myd14a1_061_aqua,32.3044,0.939946,calibration_not_released,unavailable
art_local_demo_contract_0001,region_chattogram_hills_r1,region_chattogram_hills_r1_b01_01,2022-09,myd14a1_061_aqua,18.8953,0.919786,calibration_not_released,unavailable
art_local_demo_contract_0001,region_chattogram_hills_r1,region_chattogram_hills_r1_b01_01,2022-10,myd14a1_061_aqua,12.715,0.940225,calibration_not_released,unavailable
art_local_demo_contract_0001,region_chattogram_hills_r1,region_chattogram_hills_r1_b01_01,2022-11,myd14a1_061_aqua,19.7785,0.900285,calibration_not_released,unavailable
art_local_demo_contract_0001,region_chattogram_hills_r1,region_chattogram_hills_r1_b01_01,2022-12,myd14a1_061_aqua,15.625,0.939794,calibration_not_released,unavailable
art_local_demo_contract_0001,region_chattogram_hills_r1,region_chattogram_hills_r1_b01_01,2023-01,myd14a1_061_aqua,38.7193,0.919863,calibration_not_released,unavailable
art_local_demo_contract_0001,region_chattogram_hills_r1,region_chattogram_hills_r1_b01_01,2023-02,myd14a1_061_aqua,50.6108,0.86036,calibration_not_released,unavailable
art_local_demo_contract_0001,region_chattogram_hills_r1,region_chattogram_hills_r1_b01_01,2023-03,myd14a1_061_aqua,47.1406,0.899861,calibration_not_released,unavailable
art_local_demo_contract_0001,region_chattogram_hills_r1,region_chattogram_hills_r1_b01_01,2023-04,myd14a1_061_aqua,56.962,0.900285,calibration_not_released,unavailable
art_local_demo_contract_0001,region_chattogram_hills_r1,region_chattogram_hills_r1_b01_01,2023-05,myd14a1_061_aqua,44.5283,0.920139,calibration_not_released,unavailable
art_local_demo_contract_0001,region_chattogram_hills_r1,region_chattogram_hills_r1_b01_01,2023-06,myd14a1_061_aqua,39.032,0.930283,calibration_not_released,unavailable
art_local_demo_contract_0001,region_chattogram_hills_r1,region_chattogram_hills_r1_b01_01,2023-07,myd14a1_061_aqua,44.9534,0.870111,calibration_not_released,unavailable
art_local_demo_contract_0001,region_chattogram_hills_r1,region_chattogram_hills_r1_b01_01,2023-08,myd14a1_061_aqua,39.834,0.870036,calibration_not_released,unavailable
art_local_demo_contract_0001,region_chattogram_hills_r1,region_chattogram_hills_r1_b01_01,2023-09,myd14a1_061_aqua,27.3224,0.930283,calibration_not_released,unavailable
art_local_demo_contract_0001,region_chattogram_hills_r1,region_chattogram_hills_r1_b01_01,2023-10,myd14a1_061_aqua,22.6386,0.879808,calibration_not_released,unavailable
art_local_demo_contract_0001,region_chattogram_hills_r1,region_chattogram_hills_r1_b01_01,2023-11,myd14a1_061_aqua,11.245,0.870021,calibration_not_released,unavailable
art_local_demo_contract_0001,region_chattogram_hills_r1,region_chattogram_hills_r1_b01_01,2023-12,myd14a1_061_aqua,20.1083,0.859707,calibration_not_released,unavailable
art_local_demo_contract_0001,region_chattogram_hills_r1,region_chattogram_hills_r1_b01_01,2024-01,myd14a1_061_aqua,45.068,0.88024,calibration_not_released,unavailable
art_local_demo_contract_0001,region_chattogram_hills_r1,region_chattogram_hills_r1_b01_01,2024-02,myd14a1_061_aqua,50.2885,0.880261,calibration_not_released,unavailable
art_local_demo_contract_0001,region_chattogram_hills_r1,region_chattogram_hills_r1_b01_01,2024-03,myd14a1_061_aqua,55.9335,0.889711,calibration_not_released,unavailable
art_local_demo_contract_0001,region_chattogram_hills_r1,region_chattogram_hills_r1_b01_01,2024-04,myd14a1_061_aqua,61.0399,0.900271,calibration_not_released,unavailable
art_local_demo_contract_0001,region_chattogram_hills_r1,region_chattogram_hills_r1_b01_01,2024-05,myd14a1_061_aqua,52.1862,0.949766,calibration_not_released,unavailable
art_local_demo_contract_0001,region_chattogram_hills_r1,region_chattogram_hills_r1_b01_01,2024-06,myd14a1_061_aqua,45.3461,0.920205,calibration_not_released,unavailable
art_local_demo_contract_0001,region_chattogram_hills_r1,region_chattogram_hills_r1_b01_01,2024-07,myd14a1_061_aqua,43.9476,0.890185,calibration_not_released,unavailable
art_local_demo_contract_0001,region_chattogram_hills_r1,region_chattogram_hills_r1_b01_01,2024-08,myd14a1_061_aqua,33.532,0.949752,calibration_not_released,unavailable
art_local_demo_contract_0001,region_chattogram_hills_r1,region_chattogram_hills_r1_b01_01,2024-09,myd14a1_061_aqua,27.9503,0.869683,calibration_not_released,unavailable
art_local_demo_contract_0001,region_chattogram_hills_r1,region_chattogram_hills_r1_b01_01,2024-10,myd14a1_061_aqua,18.0772,0.890271,calibration_not_released,unavailable
art_local_demo_contract_0001,region_chattogram_hills_r1,region_chattogram_hills_r1_b01_01,2024-11,myd14a1_061_aqua,18.4874,0.880178,calibration_not_released,unavailable
art_local_demo_contract_0001,region_chattogram_hills_r1,region_chattogram_hills_r1_b01_01,2024-12,myd14a1_061_aqua,11.9671,0.940225,calibration_not_released,unavailable
