latitude,longitude,bright_ti4,scan,track,acq_date,acq_time,satellite,confidence,version,bright_ti5,frp,daynight
14.95029,100.13246,333.58,0.36,0.58,2026-09-17,0610,N,nominal,2.0NRT,287.1,2.69,D
15.12282,100.2106,340.57,0.36,0.57,2026-09-17,0610,N,nominal,2.0NRT,280.48,4.28,D
16.04752,99.93202,326.85,0.36,0.57,2026-09-17,0610,N,nominal,2.0NRT,278.11,2.12,D
16.0731,99.79508,328.03,0.37,0.58,2026-09-17,0610,N,nominal,2.0NRT,284.63,1.77,D
22.87441,100.26229,331.32,0.51,0.49,2026-09-17,0612,N,nominal,2.0NRT,292.36,3.12,D
24.5746,97.80923,328.15,0.33,0.55,2026-09-17,0612,N,nominal,2.0NRT,293.16,1.01,D
25.39365,100.45975,325.83,0.44,0.46,2026-09-17,0612,N,low,2.0NRT,298.19,4.78,D
25.70676,101.87003,331.66,0.55,0.42,2026-09-17,0614,N,nominal,2.0NRT,300.48,2.62,D
25.70715,101.86842,333.29,0.55,0.42,2026-09-17,0614,N,nominal,2.0NRT,300.09,3.27,D
26.56336,101.67379,329.06,0.54,0.42,2026-09-17,0614,N,low,2.0NRT,300.7,5.55,D
26.57497,101.67155,325.39,0.54,0.42,2026-09-17,0614,N,low,2.0NRT,297.97,2.44,D
26.62162,101.59955,332.95,0.55,0.42,2026-09-17,0614,N,nominal,2.0NRT,298.1,11.9,D
26.6214,101.59765,346.35,0.55,0.42,2026-09-17,0614,N,nominal,2.0NRT,298.37,12.33,D
38.70399,100.50544,337.2,0.42,0.37,2026-09-17,0616,N,nominal,2.0NRT,305.2,2.53,D
39.39781,99.89793,338.12,0.43,0.38,2026-09-17,0616,N,nominal,2.0NRT,308.55,2.29,D
39.39693,99.89305,343.26,0.43,0.38,2026-09-17,0616,N,nominal,2.0NRT,307.78,3.31,D
39.40123,99.89691,339.21,0.43,0.38,2026-09-17,0616,N,nominal,2.0NRT,310.76,3.45,D
39.40035,99.89204,357.43,0.43,0.38,2026-09-17,0616,N,low,2.0NRT,302.35,7.78,D
39.58619,99.74763,367,0.43,0.38,2026-09-17,0616,N,high,2.0NRT,314.92,5.45,D
39.58707,99.75253,342.27,0.43,0.38,2026-09-17,0616,N,nominal,2.0NRT,316.3,6.45,D
39.58961,99.74658,351.86,0.43,0.38,2026-09-17,0616,N,nominal,2.0NRT,315.07,5.45,D
39.60811,99.68909,338.85,0.43,0.38,2026-09-17,0616,N,nominal,2.0NRT,306.46,2.89,D
39.80669,98.53618,332.35,0.47,0.39,2026-09-17,0616,N,nominal,2.0NRT,305.79,2.4,D
39.80991,98.29936,334.48,0.47,0.4,2026-09-17,0616,N,low,2.0NRT,306.75,3.88,D
39.83154,98.2346,331.52,0.48,0.4,2026-09-17,0616,N,low,2.0NRT,305.17,1.85,D
7.9664,79.94561,337.08,0.44,0.46,2026-09-17,0750,N,nominal,2.0NRT,294.15,3.26,D
8.5661,77.67891,346.14,0.6,0.53,2026-09-17,0750,N,nominal,2.0NRT,296.67,10.23,D
8.56332,77.68252,335.26,0.6,0.53,2026-09-17,0750,N,nominal,2.0NRT,296.11,5.63,D
9.78933,80.15058,337.65,0.4,0.44,2026-09-17,0750,N,nominal,2.0NRT,293.66,4.45,D
10.94808,77.369,332.82,0.58,0.52,2026-09-17,0750,N,nominal,2.0NRT,292.75,2.59,D
11.70747,79.19976,330.48,0.43,0.46,2026-09-17,0750,N,nominal,2.0NRT,298.27,1.48,D
11.84172,79.02304,330.67,0.44,0.46,2026-09-17,0750,N,nominal,2.0NRT,297.19,2.11,D
11.84093,79.02319,332.41,0.43,0.46,2026-09-17,0750,N,nominal,2.0NRT,297.32,2.79,D
14.11936,77.71715,331.89,0.48,0.48,2026-09-17,0752,N,nominal,2.0NRT,300.8,6.82,D
14.0709,77.2552,337.19,0.52,0.5,2026-09-17,0752,N,nominal,2.0NRT,300.64,5.6,D
14.4197,77.97533,337.35,0.46,0.47,2026-09-17,0752,N,nominal,2.0NRT,301.6,3.45,D
14.47426,78.25214,345.76,0.44,0.46,2026-09-17,0752,N,nominal,2.0NRT,302.58,7.33,D
14.34916,76.77248,335.54,0.55,0.51,2026-09-17,0752,N,nominal,2.0NRT,299.7,7.92,D
14.34582,76.77034,338.34,0.55,0.51,2026-09-17,0752,N,nominal,2.0NRT,299.74,5.57,D
14.63784,77.24184,342.1,0.51,0.49,2026-09-17,0752,N,nominal,2.0NRT,301,6.26,D
17.69873,95.69556,328.23,0.55,0.68,2026-09-17,0752,N,nominal,2.0NRT,286.82,2.47,D
15.22019,77.55892,348.38,0.47,0.48,2026-09-17,0752,N,nominal,2.0NRT,302.14,9.7,D
15.90257,79.4185,333.26,0.54,0.42,2026-09-17,0752,N,nominal,2.0NRT,301.62,2.37,D
15.72621,78.39029,342.11,0.41,0.45,2026-09-17,0752,N,nominal,2.0NRT,300.53,5.89,D
15.71992,78.20345,337.01,0.42,0.45,2026-09-17,0752,N,nominal,2.0NRT,301.75,5.11,D
15.57457,76.90315,331.92,0.51,0.5,2026-09-17,0752,N,nominal,2.0NRT,299.62,3.25,D
15.28948,75.23705,333.78,0.33,0.56,2026-09-17,0752,N,nominal,2.0NRT,298.47,2.24,D
16.13089,78.2978,343.56,0.41,0.45,2026-09-17,0752,N,nominal,2.0NRT,297.81,5.16,D
16.46995,79.60595,334.17,0.51,0.41,2026-09-17,0752,N,low,2.0NRT,300.73,8.74,D
16.7369,79.29222,336.26,0.53,0.42,2026-09-17,0752,N,nominal,2.0NRT,302.01,3.89,D
18.00865,83.52342,330.28,0.38,0.36,2026-09-17,0752,N,nominal,2.0NRT,297.03,1.31,D
17.93264,82.01937,333.7,0.4,0.37,2026-09-17,0752,N,nominal,2.0NRT,297.53,2.37,D
19.09782,82.16909,334.45,0.39,0.36,2026-09-17,0752,N,nominal,2.0NRT,300.53,4.5,D
20.7945,85.25539,337.85,0.43,0.38,2026-09-17,0752,N,nominal,2.0NRT,291.23,7.84,D
20.86482,84.98676,334.65,0.42,0.38,2026-09-17,0752,N,nominal,2.0NRT,298.42,2.25,D
20.86884,84.99023,333.3,0.42,0.38,2026-09-17,0752,N,nominal,2.0NRT,300.8,10.16,D
20.88555,84.98354,340.2,0.42,0.38,2026-09-17,0752,N,nominal,2.0NRT,301.13,5.88,D
20.889,84.98299,338.03,0.42,0.38,2026-09-17,0752,N,nominal,2.0NRT,300.29,5.88,D
20.97951,85.13586,334,0.43,0.38,2026-09-17,0752,N,nominal,2.0NRT,299.68,4.58,D
22.05378,88.12634,339.82,0.41,0.45,2026-09-17,0752,N,nominal,2.0NRT,294.62,3.6,D
22.37893,87.28261,333.14,0.55,0.43,2026-09-17,0752,N,nominal,2.0NRT,297.42,8.99,D
22.37826,87.27721,333.28,0.55,0.43,2026-09-17,0752,N,nominal,2.0NRT,296.35,8.13,D
21.91952,83.35139,344.18,0.39,0.36,2026-09-17,0752,N,nominal,2.0NRT,301.07,6.34,D
21.92284,83.35082,349.35,0.39,0.36,2026-09-17,0752,N,nominal,2.0NRT,298.66,6.34,D
21.9295,83.34969,329.08,0.39,0.36,2026-09-17,0752,N,nominal,2.0NRT,298.31,4.95,D
21.98642,83.23223,329.86,0.39,0.36,2026-09-17,0752,N,low,2.0NRT,300.43,3.12,D
21.10249,72.63689,367,0.38,0.59,2026-09-17,0754,N,high,2.0NRT,292.62,9.37,D
21.10482,72.64775,343.6,0.38,0.59,2026-09-17,0754,N,nominal,2.0NRT,293.04,6.57,D
23.67882,86.39905,336.25,0.51,0.41,2026-09-17,0754,N,nominal,2.0NRT,298.08,13.52,D
23.6779,86.08772,333.27,0.5,0.41,2026-09-17,0754,N,nominal,2.0NRT,296.92,4.68,D
23.16512,82.34019,339.91,0.38,0.36,2026-09-17,0754,N,nominal,2.0NRT,298.49,5.58,D
23.16455,82.33646,330.69,0.38,0.36,2026-09-17,0754,N,nominal,2.0NRT,296.94,2.68,D
23.78183,86.21259,333.45,0.5,0.41,2026-09-17,0754,N,nominal,2.0NRT,295.55,4.44,D
23.78114,86.20964,346.86,0.5,0.41,2026-09-17,0754,N,nominal,2.0NRT,297.59,6.73,D
21.3043,57.79751,342.44,0.39,0.36,2026-09-17,0934,N,low,2.0NRT,313.94,0.82,D
21.31033,57.7471,343.09,0.39,0.36,2026-09-17,0934,N,low,2.0NRT,314.81,3.75,D
21.31308,57.74284,344.43,0.39,0.36,2026-09-17,0934,N,low,2.0NRT,314.94,2.58,D
21.32023,57.72262,342.86,0.39,0.36,2026-09-17,0934,N,nominal,2.0NRT,311.96,1.26,D
21.33327,57.72375,342.4,0.39,0.36,2026-09-17,0934,N,low,2.0NRT,313.02,2.14,D
22.10395,59.69904,344.86,0.43,0.38,2026-09-17,0934,N,nominal,2.0NRT,308.54,9.62,D
21.83404,56.68269,341.73,0.39,0.36,2026-09-17,0934,N,low,2.0NRT,316.43,1.29,D
21.93879,57.07478,343.52,0.38,0.36,2026-09-17,0934,N,low,2.0NRT,315.23,3.3,D
22.3261,56.49079,343,0.39,0.36,2026-09-17,0934,N,low,2.0NRT,318,1.25,D
22.40623,56.98766,340.61,0.38,0.36,2026-09-17,0934,N,low,2.0NRT,314.2,1.4,D
22.34417,56.43373,345.52,0.39,0.36,2026-09-17,0934,N,low,2.0NRT,318.04,1.4,D
22.34747,56.43313,349.52,0.39,0.36,2026-09-17,0934,N,nominal,2.0NRT,317.86,4.27,D
24.51018,54.0201,336.61,0.42,0.38,2026-09-17,0937,N,nominal,2.0NRT,304.38,4.21,D
25.30838,56.37438,335.3,0.38,0.36,2026-09-17,0937,N,low,2.0NRT,306.5,3.31,D
25.49837,54.30961,333.84,0.41,0.37,2026-09-17,0937,N,nominal,2.0NRT,303.53,6.53,D
25.60162,54.42527,334.03,0.4,0.37,2026-09-17,0937,N,nominal,2.0NRT,303.43,2.45,D
25.70401,54.3018,332.42,0.41,0.37,2026-09-17,0937,N,low,2.0NRT,303.17,2.09,D
27.55297,68.30039,331.59,0.52,0.67,2026-09-17,0937,N,nominal,2.0NRT,300.33,4.34,D
29.64009,91.29373,326.03,0.4,0.6,2026-09-17,0756,N,low,2.0NRT,298.84,3.49,D
28.03819,69.67198,332.77,0.41,0.6,2026-09-17,0756,N,nominal,2.0NRT,293.75,6.1,D
28.05055,69.3679,330.14,0.42,0.61,2026-09-17,0756,N,nominal,2.0NRT,294.88,2.9,D
28.49409,69.28618,335.64,0.42,0.61,2026-09-17,0756,N,nominal,2.0NRT,298.26,2.69,D
31.68462,72.19856,339.84,0.48,0.48,2026-09-17,0756,N,nominal,2.0NRT,293.03,3.53,D
38.0493,67.26441,367,0.32,0.55,2026-09-17,0758,N,high,2.0NRT,312.63,7.11,D
38.05019,67.2679,347.33,0.32,0.55,2026-09-17,0758,N,nominal,2.0NRT,309.66,7.27,D
37.03308,62.41505,343.19,0.6,0.71,2026-09-17,0758,N,nominal,2.0NRT,307.23,4.94,D
39.00109,63.45113,340.81,0.47,0.64,2026-09-17,0758,N,nominal,2.0NRT,309.59,2.38,D
27.9747,69.00535,330.06,0.58,0.7,2026-09-17,0937,N,nominal,2.0NRT,297.7,5.26,D
27.97435,69.00301,333.07,0.58,0.7,2026-09-17,0937,N,nominal,2.0NRT,297.78,3.5,D
27.1443,56.11266,339.43,0.38,0.36,2026-09-17,0937,N,low,2.0NRT,314.22,6.24,D
27.16237,56.10191,339.81,0.38,0.36,2026-09-17,0937,N,low,2.0NRT,313.98,12.52,D
27.16918,56.05693,348.07,0.38,0.36,2026-09-17,0937,N,nominal,2.0NRT,313.98,10.06,D
27.1686,56.05306,349.92,0.38,0.36,2026-09-17,0937,N,nominal,2.0NRT,315.22,10.06,D
27.42116,56.50105,342.13,0.39,0.36,2026-09-17,0937,N,low,2.0NRT,312.44,4.85,D
29.34179,56.88774,340.93,0.4,0.37,2026-09-17,0937,N,low,2.0NRT,315.55,3.77,D
29.98809,55.85467,345.4,0.39,0.36,2026-09-17,0937,N,low,2.0NRT,319.64,17.58,D
34.59747,60.75057,338.74,0.44,0.46,2026-09-17,0939,N,low,2.0NRT,312.98,1.96,D
37.03079,62.41827,347.22,0.58,0.52,2026-09-17,0939,N,nominal,2.0NRT,315.12,12.28,D
37.11766,62.36682,343.34,0.58,0.52,2026-09-17,0939,N,low,2.0NRT,314.39,13.39,D
37.09684,60.74465,340.25,0.47,0.48,2026-09-17,0939,N,nominal,2.0NRT,308.49,3.36,D
37.23458,60.85011,337.23,0.48,0.48,2026-09-17,0939,N,low,2.0NRT,311.42,9.43,D
36.80982,54.05964,340.18,0.39,0.36,2026-09-17,0939,N,nominal,2.0NRT,302.99,3.92,D
37.81096,64.03149,340.55,0.36,0.58,2026-09-17,0939,N,low,2.0NRT,312.56,1.8,D
36.94641,54.88734,332.37,0.4,0.37,2026-09-17,0939,N,low,2.0NRT,305.14,4.71,D
37.00486,54.90768,334.2,0.4,0.37,2026-09-17,0939,N,nominal,2.0NRT,300.55,4.42,D
37.03355,54.93898,331.08,0.4,0.37,2026-09-17,0939,N,low,2.0NRT,303.77,2.15,D
37.16509,55.03678,333.7,0.41,0.37,2026-09-17,0939,N,low,2.0NRT,307.3,1.97,D
37.53481,55.35671,335.09,0.42,0.38,2026-09-17,0939,N,low,2.0NRT,310.07,1.52,D
37.53824,55.35597,335.77,0.42,0.38,2026-09-17,0939,N,low,2.0NRT,310.66,1.72,D
38.68048,54.3158,350.5,0.4,0.37,2026-09-17,0941,N,nominal,2.0NRT,323.77,4.16,D
39.22028,56.48549,339.2,0.47,0.4,2026-09-17,0941,N,low,2.0NRT,313.85,5.39,D
39.22394,56.48479,347.11,0.47,0.4,2026-09-17,0941,N,nominal,2.0NRT,314.67,5.39,D
39.2233,56.47931,338.34,0.47,0.4,2026-09-17,0941,N,low,2.0NRT,312.86,5.39,D
39.40726,55.73536,344.15,0.45,0.39,2026-09-17,0941,N,nominal,2.0NRT,316.26,4.25,D
38.84176,100.17066,297.14,0.4,0.6,2026-09-17,1836,N,nominal,2.0NRT,285.28,0.37,N
36.59199,101.48624,302.14,0.33,0.55,2026-09-17,1836,N,nominal,2.0NRT,279,1.09,N
36.56876,101.52558,304.43,0.32,0.55,2026-09-17,1836,N,nominal,2.0NRT,282,1.4,N
36.57061,101.52859,295.69,0.32,0.55,2026-09-17,1836,N,nominal,2.0NRT,280.56,0.79,N
26.56364,101.67685,308.12,0.49,0.49,2026-09-17,1841,N,nominal,2.0NRT,288.15,4.51,N
25.38188,99.30583,303.67,0.33,0.56,2026-09-17,1841,N,nominal,2.0NRT,286.36,0.52,N
25.06475,101.56851,301.67,0.48,0.48,2026-09-17,1841,N,nominal,2.0NRT,286.34,1.26,N
25.07108,99.2869,303.23,0.33,0.55,2026-09-17,1841,N,nominal,2.0NRT,284.16,1.26,N
22.63034,100.73566,297.36,0.5,0.49,2026-09-17,1841,N,nominal,2.0NRT,280.71,0.98,N
20.86695,96.39072,300.01,0.45,0.63,2026-09-17,1841,N,nominal,2.0NRT,275.08,0.64,N
15.65784,73.98741,309.59,0.5,0.49,2026-09-17,2023,N,nominal,2.0NRT,287.68,1.82,N
13.44764,80.09685,305.49,0.38,0.36,2026-09-17,2023,N,nominal,2.0NRT,287.99,1.47,N
13.39237,80.10231,308.79,0.38,0.36,2026-09-17,2023,N,nominal,2.0NRT,286.24,1.22,N
13.38076,80.11128,305.05,0.38,0.36,2026-09-17,2023,N,nominal,2.0NRT,287.42,1.24,N
12.62707,79.91238,315.74,0.38,0.36,2026-09-17,2023,N,nominal,2.0NRT,289.16,1.63,N
11.81608,77.91647,303.15,0.42,0.37,2026-09-17,2023,N,nominal,2.0NRT,284.71,0.94,N
11.26819,80.00468,315.44,0.38,0.36,2026-09-17,2023,N,nominal,2.0NRT,288.2,2.8,N
8.9122,80.78463,296.77,0.4,0.37,2026-09-17,2025,N,nominal,2.0NRT,259.28,0.36,N
8.90882,80.78407,296.76,0.4,0.37,2026-09-17,2025,N,nominal,2.0NRT,260.39,0.36,N
8.76085,78.01939,307.37,0.4,0.37,2026-09-17,2025,N,nominal,2.0NRT,293.37,1.38,N
33.81553,72.71992,301.48,0.48,0.65,2026-09-17,2017,N,nominal,2.0NRT,287.61,0.9,N
33.81437,72.71983,301.95,0.48,0.64,2026-09-17,2017,N,nominal,2.0NRT,287.28,0.53,N
32.88997,71.61622,301.89,0.54,0.68,2026-09-17,2019,N,nominal,2.0NRT,288.38,0.93,N
32.71838,72.77374,301.19,0.46,0.64,2026-09-17,2019,N,nominal,2.0NRT,288.24,0.54,N
32.57735,72.56294,302.33,0.48,0.64,2026-09-17,2019,N,nominal,2.0NRT,290.71,1.27,N
32.57627,72.56003,306.98,0.48,0.64,2026-09-17,2019,N,nominal,2.0NRT,290.86,1.56,N
29.37393,91.15168,296.69,0.45,0.47,2026-09-17,2019,N,nominal,2.0NRT,279.91,1.53,N
29.22585,88.34896,295.18,0.48,0.4,2026-09-17,2019,N,nominal,2.0NRT,280.17,0.83,N
29.91951,74.9534,303.76,0.32,0.55,2026-09-17,2019,N,nominal,2.0NRT,291.13,0.92,N
25.54002,91.23613,301.7,0.54,0.51,2026-09-17,2019,N,nominal,2.0NRT,284.95,0.76,N
26.75973,83.19985,314.71,0.39,0.36,2026-09-17,2019,N,nominal,2.0NRT,295.09,3.36,N
28.03721,69.66631,311.09,0.65,0.73,2026-09-17,2019,N,nominal,2.0NRT,281.44,2.22,N
24.66724,91.59554,310.44,0.59,0.53,2026-09-17,2019,N,nominal,2.0NRT,283.76,0.97,N
24.92962,84.148,307.83,0.39,0.36,2026-09-17,2019,N,nominal,2.0NRT,290.32,0.88,N
23.5586,87.23982,335.25,0.52,0.41,2026-09-17,2021,N,nominal,2.0NRT,265.95,6.29,N
24.20532,82.70683,305.18,0.38,0.36,2026-09-17,2021,N,nominal,2.0NRT,289.99,0.64,N
24.20473,82.71059,306.64,0.38,0.36,2026-09-17,2021,N,nominal,2.0NRT,290.7,1.45,N
24.19693,82.7169,319.69,0.38,0.36,2026-09-17,2021,N,nominal,2.0NRT,290.08,1.62,N
24.20653,82.52477,302.9,0.39,0.36,2026-09-17,2021,N,nominal,2.0NRT,285.63,0.56,N
24.18205,82.65988,307.62,0.38,0.36,2026-09-17,2021,N,nominal,2.0NRT,290.44,1.18,N
24.1811,82.64421,307.27,0.38,0.36,2026-09-17,2021,N,nominal,2.0NRT,289.88,0.92,N
24.16302,82.62923,310.7,0.38,0.36,2026-09-17,2021,N,nominal,2.0NRT,289.83,1.11,N
24.15919,82.56651,308.94,0.38,0.36,2026-09-17,2021,N,nominal,2.0NRT,290.19,1.13,N
24.1545,82.59667,303.68,0.38,0.36,2026-09-17,2021,N,nominal,2.0NRT,289.36,0.57,N
24.1451,82.65688,309.94,0.38,0.36,2026-09-17,2021,N,nominal,2.0NRT,288.77,0.93,N
23.82859,84.57331,305.7,0.4,0.37,2026-09-17,2021,N,nominal,2.0NRT,288.02,1.88,N
23.73961,85.0083,309.55,0.41,0.37,2026-09-17,2021,N,nominal,2.0NRT,286.93,1.57,N
24.32523,81.32887,308.4,0.4,0.37,2026-09-17,2021,N,nominal,2.0NRT,288.99,0.64,N
23.64853,85.43797,302.31,0.43,0.38,2026-09-17,2021,N,nominal,2.0NRT,274.75,0.34,N
23.71881,85.00961,308.91,0.42,0.37,2026-09-17,2021,N,nominal,2.0NRT,284.92,0.59,N
25.3881,68.57704,304.56,0.71,0.75,2026-09-17,2021,N,nominal,2.0NRT,291.97,1.15,N
24.05251,80.61311,308.97,0.42,0.38,2026-09-17,2021,N,nominal,2.0NRT,291.68,1.02,N
24.01121,80.53002,304.79,0.42,0.38,2026-09-17,2021,N,nominal,2.0NRT,291.56,0.93,N
22.37922,87.27854,322.59,0.54,0.42,2026-09-17,2021,N,nominal,2.0NRT,287.15,4.05,N
22.37536,87.27769,308.67,0.54,0.42,2026-09-17,2021,N,nominal,2.0NRT,286.8,2.06,N
22.36656,87.30293,312.57,0.54,0.42,2026-09-17,2021,N,nominal,2.0NRT,285.31,2.88,N
22.3627,87.30209,311.96,0.54,0.42,2026-09-17,2021,N,nominal,2.0NRT,285.02,2.4,N
22.35698,87.28996,304.91,0.54,0.42,2026-09-17,2021,N,nominal,2.0NRT,286.17,1.23,N
23.16786,82.34424,312.13,0.38,0.36,2026-09-17,2021,N,nominal,2.0NRT,288.52,1.61,N
23.16514,82.33989,330.1,0.38,0.36,2026-09-17,2021,N,nominal,2.0NRT,290.17,1.61,N
23.16573,82.33615,306.39,0.38,0.36,2026-09-17,2021,N,nominal,2.0NRT,289.2,0.73,N
23.16456,82.34363,307.95,0.38,0.36,2026-09-17,2021,N,nominal,2.0NRT,287.95,1.61,N
22.36705,87.01815,311.33,0.52,0.42,2026-09-17,2021,N,nominal,2.0NRT,287.73,1.57,N
23.16242,82.33555,313.18,0.38,0.36,2026-09-17,2021,N,nominal,2.0NRT,288.77,1.06,N
22.36325,87.01734,306.81,0.52,0.42,2026-09-17,2021,N,nominal,2.0NRT,287.35,1.94,N
22.05408,88.12284,310.15,0.41,0.45,2026-09-17,2021,N,nominal,2.0NRT,279.94,0.93,N
22.05333,88.12676,300.01,0.41,0.45,2026-09-17,2021,N,nominal,2.0NRT,279.35,0.93,N
22.2189,84.88046,304.48,0.42,0.38,2026-09-17,2021,N,nominal,2.0NRT,289.6,0.62,N
22.13164,85.38404,306.67,0.44,0.39,2026-09-17,2021,N,nominal,2.0NRT,288.74,0.63,N
22.2141,84.86684,325.37,0.42,0.38,2026-09-17,2021,N,nominal,2.0NRT,290.16,1.64,N
22.2134,84.87091,305.34,0.42,0.38,2026-09-17,2021,N,nominal,2.0NRT,290.19,1.64,N
22.21136,84.86207,306.61,0.42,0.38,2026-09-17,2021,N,nominal,2.0NRT,290.55,2.79,N
22.20791,84.86137,336.29,0.42,0.38,2026-09-17,2021,N,nominal,2.0NRT,290.95,2.79,N
22.21141,84.84103,307.2,0.42,0.38,2026-09-17,2021,N,nominal,2.0NRT,289.89,1.22,N
22.20931,84.85323,307.19,0.42,0.38,2026-09-17,2021,N,nominal,2.0NRT,289.72,0.57,N
22.2065,84.86951,312.33,0.42,0.38,2026-09-17,2021,N,nominal,2.0NRT,288.89,1.96,N
22.05503,85.46603,305.45,0.45,0.39,2026-09-17,2021,N,nominal,2.0NRT,289.57,0.88,N
22.20851,84.54888,306.86,0.41,0.37,2026-09-17,2021,N,nominal,2.0NRT,289.78,1.04,N
21.93141,85.22286,307.39,0.44,0.38,2026-09-17,2021,N,nominal,2.0NRT,290.02,1.54,N
21.92439,85.22147,317.28,0.44,0.38,2026-09-17,2021,N,nominal,2.0NRT,290.6,2.65,N
22.33073,82.60389,310.14,0.38,0.36,2026-09-17,2021,N,nominal,2.0NRT,279.63,1.39,N
22.32318,82.58723,302.7,0.38,0.36,2026-09-17,2021,N,nominal,2.0NRT,277.88,0.75,N
22.32258,82.59093,303.12,0.38,0.36,2026-09-17,2021,N,nominal,2.0NRT,279.21,0.75,N
22.3201,82.56376,308.88,0.38,0.36,2026-09-17,2021,N,nominal,2.0NRT,277.97,0.94,N
22.35783,82.30344,341.06,0.38,0.36,2026-09-17,2021,N,nominal,2.0NRT,289.04,4.46,N
22.31739,82.55944,320.34,0.38,0.36,2026-09-17,2021,N,nominal,2.0NRT,276.76,1.87,N
22.35842,82.29972,316.3,0.38,0.36,2026-09-17,2021,N,nominal,2.0NRT,286.35,2.74,N
22.3168,82.56316,299.36,0.38,0.36,2026-09-17,2021,N,nominal,2.0NRT,277.18,0.94,N
22.31489,82.53227,298.81,0.38,0.36,2026-09-17,2021,N,nominal,2.0NRT,277.66,1.17,N
21.76424,85.57803,303.15,0.46,0.39,2026-09-17,2021,N,nominal,2.0NRT,287.55,0.55,N
22.04216,83.73125,296.86,0.4,0.37,2026-09-17,2021,N,nominal,2.0NRT,264.45,0.66,N
22.03882,83.73061,303.22,0.4,0.37,2026-09-17,2021,N,nominal,2.0NRT,265.49,0.66,N
22.08943,83.11558,304.78,0.39,0.36,2026-09-17,2021,N,nominal,2.0NRT,283.61,1.12,N
22.03775,83.34889,303.75,0.39,0.36,2026-09-17,2021,N,nominal,2.0NRT,279.24,0.78,N
22.03713,83.35266,305.56,0.39,0.36,2026-09-17,2021,N,nominal,2.0NRT,280.06,0.78,N
22.03135,83.36708,301.22,0.39,0.36,2026-09-17,2021,N,nominal,2.0NRT,279.46,0.88,N
21.96451,83.77235,301.3,0.4,0.37,2026-09-17,2021,N,nominal,2.0NRT,274.03,0.97,N
21.95255,83.78188,296.47,0.4,0.37,2026-09-17,2021,N,nominal,2.0NRT,271.43,0.35,N
21.98516,83.23084,303.58,0.39,0.36,2026-09-17,2021,N,nominal,2.0NRT,280.88,0.77,N
21.98454,83.23458,307.92,0.39,0.36,2026-09-17,2021,N,nominal,2.0NRT,280.37,0.77,N
21.92215,83.35123,307.34,0.39,0.36,2026-09-17,2021,N,nominal,2.0NRT,266.89,0.97,N
21.88929,83.55106,302.35,0.39,0.36,2026-09-17,2021,N,nominal,2.0NRT,279.92,0.34,N
21.91882,83.35059,305.62,0.39,0.36,2026-09-17,2021,N,nominal,2.0NRT,267.6,0.97,N
21.87802,83.55674,301.9,0.39,0.36,2026-09-17,2021,N,nominal,2.0NRT,281.12,0.65,N
21.76514,84.02493,325.15,0.4,0.37,2026-09-17,2021,N,nominal,2.0NRT,277.25,1.77,N
21.76645,84.01719,303.37,0.4,0.37,2026-09-17,2021,N,nominal,2.0NRT,276.53,1.42,N
21.7658,84.02105,303.86,0.4,0.37,2026-09-17,2021,N,nominal,2.0NRT,275.57,1.77,N
21.76242,84.0204,303.32,0.4,0.37,2026-09-17,2021,N,nominal,2.0NRT,275.03,1.69,N
21.76347,83.84949,319.11,0.4,0.37,2026-09-17,2021,N,nominal,2.0NRT,277.98,1.22,N
21.76076,83.845,311.2,0.4,0.37,2026-09-17,2021,N,nominal,2.0NRT,274.14,1.22,N
21.76011,83.84884,300.38,0.4,0.37,2026-09-17,2021,N,nominal,2.0NRT,275.73,1.22,N
21.7574,83.84435,312.21,0.4,0.37,2026-09-17,2021,N,nominal,2.0NRT,275.01,1.51,N
21.75404,83.8437,318.14,0.4,0.37,2026-09-17,2021,N,nominal,2.0NRT,276.8,1.51,N
21.75276,83.84368,308.34,0.4,0.37,2026-09-17,2021,N,nominal,2.0NRT,276.58,1.66,N
21.7494,83.84303,324.86,0.4,0.37,2026-09-17,2021,N,nominal,2.0NRT,277.46,1.66,N
21.74604,83.84237,326.62,0.4,0.37,2026-09-17,2021,N,nominal,2.0NRT,276.98,2.05,N
21.74268,83.84171,311.08,0.4,0.37,2026-09-17,2021,N,nominal,2.0NRT,275.12,2.05,N
21.73932,83.84106,302.62,0.4,0.37,2026-09-17,2021,N,nominal,2.0NRT,273.03,0.85,N
21.68145,84.04111,301.12,0.4,0.37,2026-09-17,2021,N,nominal,2.0NRT,272.91,1.05,N
21.67872,84.03658,306.87,0.4,0.37,2026-09-17,2021,N,nominal,2.0NRT,275.89,1.04,N
21.67807,84.04046,305.93,0.4,0.37,2026-09-17,2021,N,nominal,2.0NRT,273.29,1.04,N
20.9745,86.00552,304.18,0.49,0.4,2026-09-17,2021,N,nominal,2.0NRT,287.05,1.5,N
20.97082,86.00476,314.37,0.49,0.4,2026-09-17,2021,N,nominal,2.0NRT,287.52,2.2,N
20.96912,86.01407,317.46,0.49,0.4,2026-09-17,2021,N,nominal,2.0NRT,288.16,1.49,N
20.96827,86.01872,307.63,0.49,0.4,2026-09-17,2021,N,nominal,2.0NRT,288.29,1.49,N
20.96714,86.00399,308.38,0.49,0.4,2026-09-17,2021,N,nominal,2.0NRT,287.77,2.2,N
20.96544,86.01329,306.24,0.49,0.4,2026-09-17,2021,N,nominal,2.0NRT,287.52,1.49,N
20.96262,86.00786,327.65,0.49,0.4,2026-09-17,2021,N,nominal,2.0NRT,287.65,4.62,N
20.95209,86.04438,321.14,0.49,0.4,2026-09-17,2021,N,nominal,2.0NRT,288.89,3.4,N
20.95123,86.04911,312.93,0.49,0.4,2026-09-17,2021,N,nominal,2.0NRT,289.59,2.53,N
21.6216,81.79366,306.43,0.39,0.36,2026-09-17,2021,N,nominal,2.0NRT,288.66,1.06,N
21.57584,82.0214,308.71,0.38,0.36,2026-09-17,2021,N,nominal,2.0NRT,288.44,0.95,N
20.97679,85.17021,321.55,0.45,0.39,2026-09-17,2021,N,nominal,2.0NRT,288.17,1.97,N
20.97919,85.1354,313.75,0.45,0.39,2026-09-17,2021,N,nominal,2.0NRT,288,2.41,N
20.9725,85.17376,306.76,0.45,0.39,2026-09-17,2021,N,nominal,2.0NRT,287.91,1.97,N
20.97176,85.178,308.07,0.45,0.39,2026-09-17,2021,N,nominal,2.0NRT,287.42,0.87,N
20.96897,85.17303,338.81,0.45,0.39,2026-09-17,2021,N,nominal,2.0NRT,288.7,2.46,N
20.96822,85.17728,311.77,0.45,0.39,2026-09-17,2021,N,nominal,2.0NRT,286.42,1.16,N
20.96319,85.18513,324.11,0.45,0.39,2026-09-17,2021,N,nominal,2.0NRT,288.13,3.7,N
20.96243,85.18944,332.24,0.45,0.39,2026-09-17,2021,N,nominal,2.0NRT,289.71,3.7,N
20.9684,85.15527,300.53,0.45,0.39,2026-09-17,2021,N,nominal,2.0NRT,283.03,0.47,N
20.96617,85.16805,311.08,0.45,0.39,2026-09-17,2021,N,nominal,2.0NRT,287.61,2.46,N
20.96543,85.17232,308.7,0.45,0.39,2026-09-17,2021,N,nominal,2.0NRT,286.76,2.46,N
20.96468,85.17657,306.74,0.45,0.39,2026-09-17,2021,N,nominal,2.0NRT,286.41,1.16,N
20.96394,85.18085,305.88,0.45,0.39,2026-09-17,2021,N,nominal,2.0NRT,286.5,1.16,N
20.96264,85.16731,317.13,0.45,0.39,2026-09-17,2021,N,nominal,2.0NRT,288.61,1.98,N
20.96189,85.17159,314.97,0.45,0.39,2026-09-17,2021,N,nominal,2.0NRT,287.65,1.98,N
21.50048,81.81085,305.75,0.39,0.36,2026-09-17,2021,N,nominal,2.0NRT,288.19,0.52,N
21.48636,81.77025,311.48,0.39,0.36,2026-09-17,2021,N,nominal,2.0NRT,288.08,0.79,N
21.45741,81.8032,305.38,0.39,0.36,2026-09-17,2021,N,nominal,2.0NRT,287.76,0.65,N
20.88592,84.98248,309.23,0.44,0.38,2026-09-17,2021,N,nominal,2.0NRT,277.37,1.3,N
20.86614,84.99158,308.62,0.44,0.38,2026-09-17,2021,N,nominal,2.0NRT,282.6,1.53,N
20.86337,84.98667,323.73,0.44,0.38,2026-09-17,2021,N,nominal,2.0NRT,285.76,2.1,N
20.80827,85.25842,314.67,0.45,0.39,2026-09-17,2021,N,nominal,2.0NRT,291.11,2.37,N
20.80471,85.25769,311.72,0.45,0.39,2026-09-17,2021,N,nominal,2.0NRT,287.71,2.37,N
20.79403,85.25552,330.68,0.45,0.39,2026-09-17,2021,N,nominal,2.0NRT,291.07,7.72,N
21.39013,81.64706,310,0.39,0.36,2026-09-17,2021,N,nominal,2.0NRT,289.83,1.17,N
20.77505,85.34147,305.13,0.46,0.39,2026-09-17,2021,N,nominal,2.0NRT,286.61,0.81,N
20.78537,85.26277,312.81,0.45,0.39,2026-09-17,2021,N,nominal,2.0NRT,285.28,2.04,N
20.7846,85.2671,302.1,0.45,0.39,2026-09-17,2021,N,nominal,2.0NRT,283.09,0.81,N
21.38177,81.65703,305.19,0.39,0.36,2026-09-17,2021,N,nominal,2.0NRT,288.54,1.04,N
21.37833,81.6793,310.5,0.39,0.36,2026-09-17,2021,N,nominal,2.0NRT,291.38,1.21,N
21.37501,81.67871,308.37,0.39,0.36,2026-09-17,2021,N,nominal,2.0NRT,290.84,1.59,N
21.37743,81.641,307.29,0.39,0.36,2026-09-17,2021,N,nominal,2.0NRT,290.13,1.25,N
21.37055,81.68555,309.9,0.39,0.36,2026-09-17,2021,N,nominal,2.0NRT,289.93,1.93,N
21.36506,81.67696,305.68,0.39,0.36,2026-09-17,2021,N,nominal,2.0NRT,288.81,0.85,N
21.34631,81.66602,312.01,0.39,0.36,2026-09-17,2021,N,nominal,2.0NRT,289.57,1.51,N
21.34381,81.66635,307.15,0.39,0.36,2026-09-17,2021,N,nominal,2.0NRT,289.47,1.25,N
21.37055,81.44953,306.05,0.39,0.36,2026-09-17,2021,N,nominal,2.0NRT,289.6,0.43,N
21.32329,81.57885,305.13,0.39,0.36,2026-09-17,2021,N,nominal,2.0NRT,290.36,0.49,N
21.31103,81.59196,311.6,0.39,0.36,2026-09-17,2021,N,nominal,2.0NRT,290.59,0.83,N
21.30612,81.57966,307.31,0.39,0.36,2026-09-17,2021,N,nominal,2.0NRT,290.83,0.24,N
21.29878,81.60506,307.41,0.39,0.36,2026-09-17,2021,N,nominal,2.0NRT,290.49,0.82,N
20.53433,85.90583,318.79,0.49,0.4,2026-09-17,2021,N,nominal,2.0NRT,279.27,2.14,N
20.53064,85.90511,303.84,0.49,0.4,2026-09-17,2021,N,nominal,2.0NRT,279.02,1.2,N
21.19556,81.41569,329.5,0.39,0.36,2026-09-17,2021,N,nominal,2.0NRT,291.78,3.16,N
21.19233,81.39217,307.74,0.39,0.36,2026-09-17,2021,N,nominal,2.0NRT,292.15,1.16,N
21.189,81.39159,308.81,0.39,0.36,2026-09-17,2021,N,nominal,2.0NRT,292.81,0.82,N
21.18625,81.38728,314.83,0.39,0.36,2026-09-17,2021,N,nominal,2.0NRT,292.36,1.6,N
21.18568,81.39101,311.59,0.39,0.36,2026-09-17,2021,N,nominal,2.0NRT,293.32,0.82,N
21.18292,81.3867,334.71,0.39,0.36,2026-09-17,2021,N,nominal,2.0NRT,294,2.74,N
21.18349,81.38296,310.32,0.39,0.36,2026-09-17,2021,N,nominal,2.0NRT,292.6,2.74,N
21.17959,81.38611,334.36,0.39,0.36,2026-09-17,2021,N,nominal,2.0NRT,293.22,2.74,N
21.18898,81.19984,307.1,0.39,0.36,2026-09-17,2021,N,nominal,2.0NRT,291.68,1.01,N
20.25925,86.60054,308.89,0.53,0.42,2026-09-17,2021,N,nominal,2.0NRT,284.13,1.61,N
21.33811,78.97135,305.49,0.46,0.39,2026-09-17,2021,N,nominal,2.0NRT,290.74,1.47,N
21.33511,78.96634,318.19,0.46,0.39,2026-09-17,2021,N,nominal,2.0NRT,291.28,2.17,N
21.24864,79.20864,309.53,0.45,0.39,2026-09-17,2021,N,nominal,2.0NRT,290.14,3.82,N
21.43239,72.97762,321.76,0.34,0.56,2026-09-17,2021,N,nominal,2.0NRT,288.68,1.98,N
21.11183,72.63544,319.84,0.36,0.57,2026-09-17,2021,N,nominal,2.0NRT,289.3,2.02,N
21.10547,72.64535,344.2,0.36,0.57,2026-09-17,2021,N,nominal,2.0NRT,290.06,7.41,N
21.1065,72.6348,304.79,0.36,0.57,2026-09-17,2021,N,nominal,2.0NRT,289.14,2.02,N
21.10117,72.63416,347.21,0.36,0.57,2026-09-17,2021,N,nominal,2.0NRT,289.41,6.23,N
21.11343,72.63612,310.65,0.36,0.57,2026-09-17,2021,N,nominal,2.0NRT,289.62,1.76,N
21.10699,72.64602,340.1,0.36,0.57,2026-09-17,2021,N,nominal,2.0NRT,290.47,6.14,N
21.1081,72.6355,313.63,0.36,0.57,2026-09-17,2021,N,nominal,2.0NRT,289.45,1.76,N
21.10278,72.63486,350.06,0.36,0.57,2026-09-17,2021,N,nominal,2.0NRT,289.59,5.74,N
21.10167,72.6454,305.38,0.36,0.57,2026-09-17,2021,N,nominal,2.0NRT,289.03,1.57,N
20.12774,79.01972,308.61,0.44,0.39,2026-09-17,2021,N,nominal,2.0NRT,287.26,1.06,N
19.961,79.33565,304.99,0.43,0.38,2026-09-17,2021,N,nominal,2.0NRT,284.5,0.47,N
19.96102,79.33298,303.05,0.43,0.38,2026-09-17,2021,N,nominal,2.0NRT,284.91,0.88,N
19.93054,79.12032,302.94,0.44,0.38,2026-09-17,2021,N,nominal,2.0NRT,281.23,0.67,N
19.10327,82.16475,296.93,0.39,0.36,2026-09-17,2021,N,nominal,2.0NRT,261.98,0.17,N
19.10268,82.1684,295.79,0.39,0.36,2026-09-17,2021,N,nominal,2.0NRT,262.03,0.19,N
19.09937,82.1678,297.32,0.39,0.36,2026-09-17,2021,N,nominal,2.0NRT,261.65,0.19,N
19.09667,82.16798,300.37,0.39,0.36,2026-09-17,2021,N,nominal,2.0NRT,263.78,0.27,N
19.10099,73.0514,301.48,0.32,0.54,2026-09-17,2021,N,nominal,2.0NRT,288.78,0.7,N
17.62322,83.19546,307.19,0.41,0.37,2026-09-17,2021,N,nominal,2.0NRT,292.83,0.64,N
17.6111,83.20508,326.48,0.41,0.37,2026-09-17,2021,N,nominal,2.0NRT,294.23,1.72,N
17.60769,83.20445,308.38,0.41,0.37,2026-09-17,2021,N,nominal,2.0NRT,293.49,1.72,N
17.60493,83.2,308.81,0.41,0.37,2026-09-17,2021,N,nominal,2.0NRT,293.27,1.38,N
17.98388,80.8305,307.38,0.39,0.36,2026-09-17,2021,N,nominal,2.0NRT,291.49,1.37,N
17.95851,80.79635,314.21,0.39,0.36,2026-09-17,2021,N,nominal,2.0NRT,290.52,1.03,N
17.95519,80.79579,305.44,0.39,0.36,2026-09-17,2021,N,nominal,2.0NRT,289.4,1.03,N
18.61427,73.7197,318.38,0.57,0.52,2026-09-17,2021,N,nominal,2.0NRT,285.69,2.83,N
17.46283,80.65397,311.25,0.39,0.36,2026-09-17,2021,N,nominal,2.0NRT,286.5,1.18,N
16.59328,80.69549,308.15,0.39,0.36,2026-09-17,2023,N,nominal,2.0NRT,291.07,0.66,N
39.85915,98.25581,298.46,0.62,0.54,2026-09-17,2017,N,nominal,2.0NRT,283.93,0.8,N
39.84414,98.27269,308.38,0.63,0.54,2026-09-17,2017,N,nominal,2.0NRT,283.36,1.39,N
39.81477,98.2833,296.64,0.63,0.54,2026-09-17,2017,N,nominal,2.0NRT,285.8,1.4,N
39.81289,98.29045,297.68,0.63,0.54,2026-09-17,2017,N,nominal,2.0NRT,286.43,1.4,N
39.811,98.29765,298.72,0.63,0.54,2026-09-17,2017,N,nominal,2.0NRT,287.15,1.29,N
39.80911,98.30486,296.16,0.63,0.54,2026-09-17,2017,N,nominal,2.0NRT,283.92,1.29,N
39.84304,98.27322,309.04,0.63,0.54,2026-09-17,2017,N,nominal,2.0NRT,283.42,1.53,N
39.81379,98.28384,296.33,0.63,0.54,2026-09-17,2017,N,nominal,2.0NRT,285.15,1.36,N
39.81195,98.29102,297.37,0.63,0.54,2026-09-17,2017,N,nominal,2.0NRT,286.21,1.49,N
39.8101,98.29824,302.73,0.63,0.54,2026-09-17,2017,N,nominal,2.0NRT,287.25,1.49,N
39.7892,98.29677,304.03,0.63,0.54,2026-09-17,2017,N,nominal,2.0NRT,284.49,1.71,N
36.59159,101.48615,296.45,0.56,0.69,2026-09-17,2017,N,nominal,2.0NRT,279.89,1.3,N
39.84179,82.8802,304.96,0.48,0.4,2026-09-17,2017,N,nominal,2.0NRT,284.1,0.88,N
39.42048,83.08284,308.96,0.47,0.4,2026-09-17,2017,N,nominal,2.0NRT,277.82,1.53,N
31.76814,70.1087,303.9,0.35,0.57,2026-09-17,2159,N,nominal,2.0NRT,288.04,0.66,N
33.75393,59.14736,317.49,0.39,0.36,2026-09-17,2159,N,nominal,2.0NRT,286.83,1.77,N
32.92434,60.23154,308.07,0.38,0.36,2026-09-17,2159,N,nominal,2.0NRT,289.28,0.75,N
32.63586,59.75885,297.05,0.38,0.36,2026-09-17,2159,N,nominal,2.0NRT,283.84,0.77,N
33.04239,56.84696,310.98,0.44,0.38,2026-09-17,2159,N,nominal,2.0NRT,294.84,2.06,N
32.33487,54.08945,301.63,0.57,0.43,2026-09-17,2159,N,nominal,2.0NRT,288.67,0.77,N
31.94103,54.04003,306.37,0.57,0.43,2026-09-17,2159,N,nominal,2.0NRT,293.55,2.08,N
31.92698,54.05635,311.49,0.57,0.43,2026-09-17,2159,N,nominal,2.0NRT,294.95,2.27,N
31.84841,54.28653,317.77,0.55,0.43,2026-09-17,2159,N,nominal,2.0NRT,295.62,2.68,N
30.96919,56.4506,303.03,0.44,0.38,2026-09-17,2159,N,nominal,2.0NRT,291.66,1.17,N
30.15452,60.73578,308.72,0.4,0.37,2026-09-17,2201,N,nominal,2.0NRT,294.58,0.8,N
30.75702,56.66001,307.28,0.43,0.38,2026-09-17,2201,N,nominal,2.0NRT,292.46,1.43,N
30.75355,56.65934,303.03,0.43,0.38,2026-09-17,2201,N,nominal,2.0NRT,291.51,1.43,N
30.66515,56.62265,313.82,0.43,0.38,2026-09-17,2201,N,nominal,2.0NRT,289.23,0.87,N
30.73339,55.38636,303.24,0.48,0.4,2026-09-17,2201,N,nominal,2.0NRT,289.73,0.88,N
30.73395,55.38873,301.8,0.48,0.4,2026-09-17,2201,N,nominal,2.0NRT,289.95,0.39,N
28.04034,69.67474,326.39,0.4,0.6,2026-09-17,2201,N,nominal,2.0NRT,292.83,2.46,N
30.49039,56.82155,301.5,0.42,0.38,2026-09-17,2201,N,nominal,2.0NRT,290.52,1.17,N
30.36592,57.11397,301.39,0.41,0.37,2026-09-17,2201,N,nominal,2.0NRT,288.88,0.59,N
30.35821,56.94543,297.12,0.41,0.37,2026-09-17,2201,N,nominal,2.0NRT,286.12,0.56,N
30.36967,56.12639,304.6,0.44,0.38,2026-09-17,2201,N,nominal,2.0NRT,291.15,0.8,N
30.3793,55.86179,304.92,0.45,0.39,2026-09-17,2201,N,nominal,2.0NRT,289.23,0.82,N
30.23441,56.9065,311.06,0.42,0.37,2026-09-17,2201,N,nominal,2.0NRT,290.36,1.57,N
30.23381,56.9108,308.47,0.42,0.37,2026-09-17,2201,N,nominal,2.0NRT,288.61,1.57,N
30.32388,56.22591,306.68,0.44,0.38,2026-09-17,2201,N,nominal,2.0NRT,289.66,1.26,N
30.19164,57.16093,299.43,0.41,0.37,2026-09-17,2201,N,nominal,2.0NRT,285.69,0.46,N
30.21704,55.98257,302.62,0.45,0.39,2026-09-17,2201,N,nominal,2.0NRT,290.59,0.9,N
29.47706,60.80872,307.25,0.4,0.37,2026-09-17,2201,N,nominal,2.0NRT,288.97,0.81,N
29.94924,56.73208,312.46,0.42,0.38,2026-09-17,2201,N,nominal,2.0NRT,288.55,1.36,N
29.92805,56.73239,318.92,0.42,0.38,2026-09-17,2201,N,nominal,2.0NRT,291.76,2.38,N
30.08305,55.40034,310.48,0.47,0.4,2026-09-17,2201,N,nominal,2.0NRT,289.75,2.49,N
30.08324,55.39837,311.85,0.47,0.4,2026-09-17,2201,N,nominal,2.0NRT,290.41,1.83,N
29.99301,55.85658,297.2,0.45,0.39,2026-09-17,2201,N,nominal,2.0NRT,286.74,0.57,N
29.98946,55.85592,339.64,0.45,0.39,2026-09-17,2201,N,nominal,2.0NRT,291.64,20.49,N
39.85478,66.20002,299.55,0.46,0.39,2026-09-17,2157,N,nominal,2.0NRT,288.36,1.17,N
39.17712,68.61529,297.92,0.4,0.44,2026-09-17,2157,N,nominal,2.0NRT,279.92,0.54,N
39.20289,66.83704,302.48,0.5,0.41,2026-09-17,2157,N,nominal,2.0NRT,290.67,1.16,N
39.70856,63.59563,341.61,0.39,0.37,2026-09-17,2157,N,nominal,2.0NRT,291.48,5.69,N
39.70777,63.60017,327.03,0.39,0.37,2026-09-17,2157,N,nominal,2.0NRT,290.93,2.52,N
39.9766,61.68373,298.49,0.39,0.36,2026-09-17,2157,N,nominal,2.0NRT,286.38,0.31,N
39.18445,65.31483,303.55,0.44,0.38,2026-09-17,2157,N,nominal,2.0NRT,287.09,0.68,N
39.18099,65.31374,299.94,0.44,0.38,2026-09-17,2157,N,nominal,2.0NRT,287.02,0.58,N
39.32879,64.38569,343.15,0.41,0.37,2026-09-17,2157,N,nominal,2.0NRT,294.41,6.76,N
38.32573,68.98894,302.19,0.43,0.46,2026-09-17,2157,N,nominal,2.0NRT,290.84,0.82,N
39.30589,62.97406,308.02,0.39,0.36,2026-09-17,2157,N,nominal,2.0NRT,289.38,0.93,N
39.27295,63.12871,301.74,0.39,0.36,2026-09-17,2157,N,nominal,2.0NRT,287.11,0.44,N
39.28324,63.04725,311.16,0.39,0.36,2026-09-17,2157,N,nominal,2.0NRT,288.3,1.16,N
39.25188,63.21206,298.86,0.39,0.36,2026-09-17,2157,N,nominal,2.0NRT,286.35,0.73,N
39.25112,63.21655,298.73,0.39,0.36,2026-09-17,2157,N,nominal,2.0NRT,287.07,0.36,N
39.24858,63.21113,304.73,0.39,0.36,2026-09-17,2157,N,nominal,2.0NRT,286.56,0.73,N
39.25137,63.1743,301.13,0.39,0.36,2026-09-17,2157,N,nominal,2.0NRT,286.49,0.91,N
39.17829,63.57941,302.96,0.4,0.37,2026-09-17,2157,N,nominal,2.0NRT,286.32,0.63,N
39.18599,63.34623,303.33,0.39,0.36,2026-09-17,2157,N,nominal,2.0NRT,286.65,0.47,N
39.20104,63.23728,300.66,0.39,0.36,2026-09-17,2157,N,nominal,2.0NRT,286.31,0.37,N
39.19341,63.28222,297.63,0.39,0.36,2026-09-17,2157,N,nominal,2.0NRT,286.54,0.5,N
39.18114,63.35431,305.14,0.39,0.36,2026-09-17,2157,N,nominal,2.0NRT,287.56,1.05,N
39.1972,63.19857,312.81,0.39,0.36,2026-09-17,2157,N,nominal,2.0NRT,287.46,1.12,N
39.19568,63.20754,298.23,0.39,0.36,2026-09-17,2157,N,nominal,2.0NRT,286.46,0.46,N
39.18501,63.27043,300.78,0.39,0.36,2026-09-17,2157,N,nominal,2.0NRT,286.67,0.6,N
30.00072,55.19872,298.57,0.48,0.4,2026-09-17,2201,N,nominal,2.0NRT,288.4,1.27,N
39.17888,63.30643,301.35,0.39,0.36,2026-09-17,2157,N,nominal,2.0NRT,286.78,0.46,N
39.17202,63.28562,303.9,0.39,0.36,2026-09-17,2157,N,nominal,2.0NRT,287.85,1.12,N
39.17125,63.29012,299.87,0.39,0.36,2026-09-17,2157,N,nominal,2.0NRT,286.54,0.3,N
39.15332,63.37479,300.99,0.39,0.37,2026-09-17,2157,N,nominal,2.0NRT,285.76,0.32,N
39.17075,63.25229,304.3,0.39,0.36,2026-09-17,2157,N,nominal,2.0NRT,287.36,1.52,N
39.16999,63.25678,317.41,0.39,0.36,2026-09-17,2157,N,nominal,2.0NRT,289.04,1.52,N
39.16922,63.26127,297.22,0.39,0.36,2026-09-17,2157,N,nominal,2.0NRT,286.92,0.58,N
39.16591,63.26035,303.16,0.39,0.36,2026-09-17,2157,N,nominal,2.0NRT,287.66,0.58,N
39.15594,63.31883,316.58,0.39,0.36,2026-09-17,2157,N,nominal,2.0NRT,288.59,1.53,N
39.13562,63.41712,299.93,0.39,0.37,2026-09-17,2157,N,nominal,2.0NRT,286.76,0.74,N
39.12785,63.46232,297.2,0.4,0.37,2026-09-17,2157,N,nominal,2.0NRT,286.42,0.4,N
39.12822,63.41975,321.37,0.4,0.37,2026-09-17,2157,N,nominal,2.0NRT,287.94,1.08,N
39.1269,63.30592,299.09,0.39,0.36,2026-09-17,2157,N,nominal,2.0NRT,286.42,0.47,N
39.11486,63.33558,304.44,0.39,0.36,2026-09-17,2157,N,nominal,2.0NRT,287.63,0.91,N
39.0876,63.49362,299.54,0.4,0.37,2026-09-17,2157,N,nominal,2.0NRT,286,0.39,N
39.09367,63.4384,301.26,0.4,0.37,2026-09-17,2157,N,nominal,2.0NRT,287.41,0.66,N
39.08663,63.47909,311.55,0.4,0.37,2026-09-17,2157,N,nominal,2.0NRT,286.24,0.75,N
39.03713,63.60305,296.95,0.4,0.37,2026-09-17,2157,N,nominal,2.0NRT,286.82,0.68,N
38.94236,64.13637,300.74,0.41,0.37,2026-09-17,2157,N,nominal,2.0NRT,286.75,0.98,N
39.01486,63.70446,297.19,0.4,0.37,2026-09-17,2157,N,nominal,2.0NRT,284.35,0.67,N
39.05627,63.44447,297.84,0.4,0.37,2026-09-17,2157,N,nominal,2.0NRT,286.09,0.54,N
39.00508,63.53919,300.73,0.4,0.37,2026-09-17,2157,N,nominal,2.0NRT,286.89,0.47,N
38.98642,63.5863,299.4,0.4,0.37,2026-09-17,2157,N,nominal,2.0NRT,287.26,0.46,N
38.97453,63.65455,301.04,0.4,0.37,2026-09-17,2157,N,nominal,2.0NRT,285.8,0.45,N
38.5492,65.95,300.99,0.47,0.4,2026-09-17,2157,N,nominal,2.0NRT,289.42,0.56,N
38.97152,63.59158,305.3,0.4,0.37,2026-09-17,2157,N,nominal,2.0NRT,286.91,0.67,N
38.97538,63.46895,314.77,0.4,0.37,2026-09-17,2157,N,nominal,2.0NRT,289.2,1.86,N
38.91131,63.79479,302.7,0.4,0.37,2026-09-17,2157,N,nominal,2.0NRT,285.4,0.78,N
38.87625,63.77309,297.17,0.4,0.37,2026-09-17,2157,N,nominal,2.0NRT,284.29,0.18,N
38.87143,63.8006,297.38,0.4,0.37,2026-09-17,2157,N,nominal,2.0NRT,286.17,0.37,N
38.84013,63.87848,298.86,0.4,0.37,2026-09-17,2157,N,nominal,2.0NRT,285.14,0.53,N
38.83647,63.81944,305.86,0.4,0.37,2026-09-17,2157,N,nominal,2.0NRT,287.04,1.03,N
38.456,65.80752,300.67,0.47,0.39,2026-09-17,2157,N,nominal,2.0NRT,289.13,0.87,N
38.35196,66.31351,299.19,0.49,0.4,2026-09-17,2157,N,nominal,2.0NRT,288.61,0.68,N
38.7842,63.91557,296.06,0.41,0.37,2026-09-17,2157,N,nominal,2.0NRT,285.24,0.37,N
38.04978,67.26695,328.79,0.54,0.42,2026-09-17,2157,N,nominal,2.0NRT,289.04,2.49,N
38.65203,63.98192,312.13,0.41,0.37,2026-09-17,2157,N,nominal,2.0NRT,287.36,1.12,N
38.40148,64.41176,301.53,0.42,0.38,2026-09-17,2157,N,nominal,2.0NRT,285.39,0.75,N
38.28696,64.38112,299.17,0.42,0.38,2026-09-17,2157,N,nominal,2.0NRT,285.75,0.59,N
38.20918,64.74283,296.58,0.43,0.38,2026-09-17,2157,N,nominal,2.0NRT,285.99,0.4,N
38.24743,64.43961,296.89,0.42,0.38,2026-09-17,2157,N,nominal,2.0NRT,286.41,0.48,N
38.16745,64.59067,296.93,0.43,0.38,2026-09-17,2157,N,nominal,2.0NRT,285.75,0.53,N
38.16314,64.59446,297.07,0.43,0.38,2026-09-17,2157,N,nominal,2.0NRT,286.29,0.55,N
38.06179,65.09736,297.96,0.45,0.39,2026-09-17,2157,N,nominal,2.0NRT,287.31,0.51,N
38.11917,64.71402,306.8,0.43,0.38,2026-09-17,2157,N,nominal,2.0NRT,287.09,0.86,N
38.08992,64.87029,300.82,0.44,0.38,2026-09-17,2157,N,nominal,2.0NRT,286.15,0.56,N
38.05754,64.88651,299,0.44,0.38,2026-09-17,2157,N,nominal,2.0NRT,288.13,0.53,N
38.03148,64.94637,299.2,0.44,0.38,2026-09-17,2157,N,nominal,2.0NRT,286.68,0.46,N
37.88797,65.0852,296.83,0.45,0.39,2026-09-17,2157,N,nominal,2.0NRT,286.72,0.56,N
37.88701,65.09021,299.72,0.45,0.39,2026-09-17,2157,N,nominal,2.0NRT,286.67,0.56,N
37.88845,65.08801,311.17,0.45,0.39,2026-09-17,2157,N,nominal,2.0NRT,287.61,1.13,N
37.83083,65.17683,310.33,0.45,0.39,2026-09-17,2157,N,nominal,2.0NRT,288.22,1.04,N
37.82476,65.16964,297.05,0.45,0.39,2026-09-17,2157,N,nominal,2.0NRT,286.97,0.44,N
37.78873,65.35766,301.62,0.46,0.39,2026-09-17,2157,N,nominal,2.0NRT,287.05,0.58,N
37.81836,65.18372,302.78,0.45,0.39,2026-09-17,2157,N,nominal,2.0NRT,287.74,0.32,N
29.7023,55.53158,311.16,0.46,0.39,2026-09-17,2201,N,nominal,2.0NRT,290.99,1.75,N
37.76676,65.43253,298.72,0.46,0.39,2026-09-17,2157,N,nominal,2.0NRT,288.59,0.59,N
37.80236,65.18954,306.82,0.45,0.39,2026-09-17,2157,N,nominal,2.0NRT,287.74,1.08,N
37.66309,65.28539,297.55,0.46,0.39,2026-09-17,2157,N,nominal,2.0NRT,287.26,0.67,N
37.96014,62.66705,321.58,0.39,0.36,2026-09-17,2157,N,nominal,2.0NRT,288.6,1.39,N
37.99099,61.88008,322.83,0.38,0.36,2026-09-17,2157,N,nominal,2.0NRT,288.18,1.77,N
37.987,61.88358,305.3,0.38,0.36,2026-09-17,2157,N,nominal,2.0NRT,287.46,0.9,N
37.98372,61.88274,303.72,0.38,0.36,2026-09-17,2157,N,nominal,2.0NRT,286.22,0.9,N
37.90551,61.98457,297.9,0.39,0.36,2026-09-17,2157,N,nominal,2.0NRT,284.86,0.34,N
37.79763,62.55214,330.92,0.39,0.36,2026-09-17,2157,N,nominal,2.0NRT,290.54,3.04,N
37.79635,62.54877,322.49,0.39,0.36,2026-09-17,2157,N,nominal,2.0NRT,284.32,1.58,N
37.78791,62.53736,341.25,0.39,0.36,2026-09-17,2157,N,nominal,2.0NRT,288.65,4.33,N
37.78277,62.52682,308.84,0.39,0.36,2026-09-17,2157,N,nominal,2.0NRT,285.85,1.17,N
37.77755,62.10218,310.51,0.39,0.36,2026-09-17,2157,N,nominal,2.0NRT,288.51,1.26,N
37.84444,61.60477,313.62,0.38,0.36,2026-09-17,2157,N,nominal,2.0NRT,288.25,1.16,N
37.77579,62.0293,310.51,0.39,0.36,2026-09-17,2157,N,nominal,2.0NRT,285.85,1.13,N
37.74257,62.13134,320.57,0.39,0.36,2026-09-17,2157,N,nominal,2.0NRT,286.95,0.97,N
37.74194,62.07232,312.81,0.39,0.36,2026-09-17,2157,N,nominal,2.0NRT,285.77,1.1,N
37.7278,62.09579,326.24,0.39,0.36,2026-09-17,2157,N,nominal,2.0NRT,289.7,2.32,N
38.25644,58.39025,316.55,0.43,0.38,2026-09-17,2157,N,nominal,2.0NRT,295.62,2.15,N
37.75023,61.85309,311.24,0.38,0.36,2026-09-17,2157,N,nominal,2.0NRT,286.41,1.07,N
37.74833,61.84367,299.62,0.38,0.36,2026-09-17,2157,N,nominal,2.0NRT,287.96,0.87,N
37.79729,61.49576,306.94,0.38,0.36,2026-09-17,2157,N,nominal,2.0NRT,288.51,0.81,N
37.794,61.49493,299.08,0.38,0.36,2026-09-17,2157,N,nominal,2.0NRT,286.19,0.81,N
37.66978,62.23927,321.56,0.39,0.36,2026-09-17,2157,N,nominal,2.0NRT,287.27,1.48,N
37.67051,62.23493,305.24,0.39,0.36,2026-09-17,2157,N,nominal,2.0NRT,285.57,1.22,N
38.68225,54.31322,309.21,0.44,0.46,2026-09-17,2157,N,nominal,2.0NRT,293.32,1.13,N
38.68179,54.31834,308.25,0.44,0.46,2026-09-17,2157,N,nominal,2.0NRT,293.32,1.13,N
37.66246,62.2419,306.73,0.39,0.36,2026-09-17,2157,N,nominal,2.0NRT,287.56,0.98,N
37.65917,62.24104,301.68,0.39,0.36,2026-09-17,2157,N,nominal,2.0NRT,285.8,0.98,N
37.65845,62.24538,306.52,0.39,0.36,2026-09-17,2157,N,nominal,2.0NRT,285.04,0.4,N
37.65516,62.24453,298.67,0.39,0.36,2026-09-17,2157,N,nominal,2.0NRT,284.44,0.49,N
37.63786,62.20371,321.97,0.39,0.36,2026-09-17,2157,N,nominal,2.0NRT,286.02,2.07,N
37.70473,61.78063,297.83,0.38,0.36,2026-09-17,2157,N,nominal,2.0NRT,285.95,0.23,N
37.62741,62.2123,307.96,0.39,0.36,2026-09-17,2157,N,nominal,2.0NRT,288.57,1.05,N
37.62669,62.21665,311.14,0.39,0.36,2026-09-17,2157,N,nominal,2.0NRT,286.58,1.05,N
37.62727,62.17146,323.46,0.39,0.36,2026-09-17,2157,N,nominal,2.0NRT,288.66,2.44,N
38.64867,54.28102,338.94,0.44,0.46,2026-09-17,2157,N,nominal,2.0NRT,295.61,3.89,N
37.62454,62.12546,315.05,0.39,0.36,2026-09-17,2157,N,nominal,2.0NRT,288.73,1.36,N
37.65669,61.90792,320.66,0.39,0.36,2026-09-17,2157,N,nominal,2.0NRT,289.61,1.64,N
37.61911,62.13763,317.12,0.39,0.36,2026-09-17,2157,N,nominal,2.0NRT,290.95,1.59,N
38.22246,57.98936,302.09,0.45,0.39,2026-09-17,2157,N,nominal,2.0NRT,291.1,0.38,N
37.65341,61.90707,309.87,0.39,0.36,2026-09-17,2157,N,nominal,2.0NRT,287.05,1.64,N
38.21891,57.98863,310.97,0.45,0.39,2026-09-17,2157,N,nominal,2.0NRT,290.89,1.29,N
38.19269,58.05126,307.56,0.44,0.39,2026-09-17,2157,N,nominal,2.0NRT,292.24,1.5,N
37.63138,61.72588,308.69,0.38,0.36,2026-09-17,2157,N,nominal,2.0NRT,286.85,0.71,N
37.60731,61.70815,304.31,0.38,0.36,2026-09-17,2157,N,nominal,2.0NRT,285.18,0.87,N
37.61495,61.57523,329.13,0.38,0.36,2026-09-17,2157,N,nominal,2.0NRT,291.68,4.11,N
37.61011,61.60545,339.11,0.38,0.36,2026-09-17,2157,N,nominal,2.0NRT,296.15,5.76,N
37.80704,60.33224,304.96,0.39,0.36,2026-09-17,2157,N,nominal,2.0NRT,287.82,0.99,N
37.61426,61.57954,313.86,0.38,0.36,2026-09-17,2157,N,nominal,2.0NRT,290.2,1.15,N
37.61219,61.59249,311.39,0.38,0.36,2026-09-17,2157,N,nominal,2.0NRT,288.98,1.07,N
37.55705,61.93375,306.53,0.39,0.36,2026-09-17,2157,N,nominal,2.0NRT,287.9,0.88,N
37.61097,61.57871,321.4,0.38,0.36,2026-09-17,2157,N,nominal,2.0NRT,291.03,1.15,N
37.57154,61.80238,301.79,0.38,0.36,2026-09-17,2157,N,nominal,2.0NRT,290.24,0.63,N
37.60456,61.55463,303.18,0.38,0.36,2026-09-17,2157,N,nominal,2.0NRT,289.75,1.15,N
37.59729,61.55729,327.37,0.38,0.36,2026-09-17,2157,N,nominal,2.0NRT,289.35,1.75,N
37.5966,61.56161,308.03,0.38,0.36,2026-09-17,2157,N,nominal,2.0NRT,287.61,1.75,N
29.15234,55.36755,310.54,0.46,0.39,2026-09-17,2201,N,nominal,2.0NRT,290.78,0.98,N
37.59554,61.52541,328.21,0.38,0.36,2026-09-17,2157,N,nominal,2.0NRT,289.52,3.69,N
37.59485,61.52973,321.07,0.38,0.36,2026-09-17,2157,N,nominal,2.0NRT,289.83,2.78,N
28.20525,61.30243,303.69,0.43,0.38,2026-09-17,2201,N,nominal,2.0NRT,292.05,0.63,N
37.59002,61.55995,327.37,0.38,0.36,2026-09-17,2157,N,nominal,2.0NRT,290.65,2.67,N
37.59156,61.5289,340.72,0.38,0.36,2026-09-17,2157,N,nominal,2.0NRT,289.16,2.78,N
37.58604,61.56343,301.28,0.38,0.36,2026-09-17,2157,N,nominal,2.0NRT,289.62,1.19,N
37.58276,61.5626,322.29,0.38,0.36,2026-09-17,2157,N,nominal,2.0NRT,289.61,0.76,N
37.58345,61.55829,309.74,0.38,0.36,2026-09-17,2157,N,nominal,2.0NRT,290.07,2.63,N
37.57947,61.56177,301.72,0.38,0.36,2026-09-17,2157,N,nominal,2.0NRT,286.35,0.76,N
29.17123,54.61663,316.36,0.5,0.41,2026-09-17,2201,N,nominal,2.0NRT,293.51,1.93,N
37.50295,61.99193,298.74,0.39,0.36,2026-09-17,2157,N,nominal,2.0NRT,285.54,0.22,N
37.73223,60.41926,303.16,0.39,0.36,2026-09-17,2157,N,nominal,2.0NRT,287.5,0.31,N
37.47965,62.00846,300.67,0.39,0.36,2026-09-17,2157,N,nominal,2.0NRT,286.4,0.78,N
37.48133,61.97733,299.96,0.39,0.36,2026-09-17,2157,N,nominal,2.0NRT,284.97,0.41,N
37.42602,62.3112,303.07,0.39,0.36,2026-09-17,2157,N,nominal,2.0NRT,284.7,1.64,N
37.42272,62.31033,325.45,0.39,0.36,2026-09-17,2157,N,nominal,2.0NRT,286.12,1.64,N
37.49923,61.84684,318.96,0.39,0.36,2026-09-17,2157,N,nominal,2.0NRT,291.01,1.13,N
37.49853,61.85117,307.5,0.39,0.36,2026-09-17,2157,N,nominal,2.0NRT,288.35,1.13,N
37.72617,60.36779,299.5,0.39,0.36,2026-09-17,2157,N,nominal,2.0NRT,288.27,0.46,N
37.49524,61.85032,304.62,0.39,0.36,2026-09-17,2157,N,nominal,2.0NRT,288.27,1.39,N
37.40549,62.31036,304.7,0.39,0.36,2026-09-17,2157,N,nominal,2.0NRT,286.36,0.51,N
27.76036,58.82476,316.53,0.38,0.36,2026-09-17,2201,N,nominal,2.0NRT,298.24,2.19,N
37.39526,62.31828,308.98,0.39,0.36,2026-09-17,2157,N,nominal,2.0NRT,287.04,0.56,N
37.94663,58.58581,307.48,0.43,0.38,2026-09-17,2157,N,nominal,2.0NRT,289.27,0.78,N
37.94228,58.565,315.97,0.43,0.38,2026-09-17,2157,N,nominal,2.0NRT,292.47,1.76,N
37.63596,60.33902,320.87,0.39,0.36,2026-09-17,2157,N,nominal,2.0NRT,288.85,2.32,N
37.52806,61.04804,310.07,0.38,0.36,2026-09-17,2157,N,nominal,2.0NRT,288.54,1.31,N
37.31059,62.35054,297.89,0.39,0.36,2026-09-17,2157,N,nominal,2.0NRT,286.67,0.51,N
37.61816,60.3893,304.48,0.39,0.36,2026-09-17,2157,N,nominal,2.0NRT,287.7,0.81,N
27.2287,60.48925,315.33,0.41,0.37,2026-09-17,2201,N,nominal,2.0NRT,297.87,1.58,N
37.51233,61.01727,325.61,0.38,0.36,2026-09-17,2157,N,nominal,2.0NRT,290.21,0.95,N
37.50903,61.01646,300.64,0.38,0.36,2026-09-17,2157,N,nominal,2.0NRT,285.86,0.95,N
37.5044,61.0243,324.81,0.38,0.36,2026-09-17,2157,N,nominal,2.0NRT,290.33,2.63,N
37.40708,61.34262,307.91,0.38,0.36,2026-09-17,2157,N,nominal,2.0NRT,287.27,0.91,N
25.38622,68.58324,317.29,0.39,0.6,2026-09-17,2201,N,nominal,2.0NRT,293.82,1.16,N
37.40379,61.3418,305.7,0.38,0.36,2026-09-17,2157,N,nominal,2.0NRT,285.42,0.91,N
25.38621,68.58492,309.61,0.39,0.6,2026-09-17,2201,N,nominal,2.0NRT,293.22,0.94,N
37.82946,58.38543,312.51,0.43,0.38,2026-09-17,2157,N,nominal,2.0NRT,292.75,1.33,N
37.22107,62.39727,301.38,0.39,0.36,2026-09-17,2157,N,nominal,2.0NRT,285.06,0.67,N
37.34899,61.36395,329.04,0.38,0.36,2026-09-17,2157,N,nominal,2.0NRT,289.55,2.66,N
37.48861,60.4603,309.87,0.39,0.36,2026-09-17,2157,N,nominal,2.0NRT,287.79,1.4,N
37.36806,61.05326,305,0.38,0.36,2026-09-17,2157,N,nominal,2.0NRT,286.7,0.82,N
37.43996,60.40587,298.73,0.39,0.36,2026-09-17,2157,N,nominal,2.0NRT,286.5,0.57,N
37.32841,61.08826,322.65,0.38,0.36,2026-09-17,2157,N,nominal,2.0NRT,289.71,1.7,N
37.32706,61.09687,316.8,0.38,0.36,2026-09-17,2157,N,nominal,2.0NRT,288.63,1.28,N
37.11796,62.36335,330.79,0.39,0.36,2026-09-17,2157,N,nominal,2.0NRT,291.15,3.52,N
37.11465,62.36248,302.73,0.39,0.36,2026-09-17,2157,N,nominal,2.0NRT,288.78,3.52,N
37.35671,60.4649,303.17,0.39,0.36,2026-09-17,2157,N,nominal,2.0NRT,287.04,1.01,N
37.03442,62.41613,330.22,0.39,0.36,2026-09-17,2157,N,nominal,2.0NRT,292.63,3.43,N
27.42178,56.49984,320.88,0.41,0.37,2026-09-17,2201,N,nominal,2.0NRT,300.59,1.5,N
37.03368,62.42049,319.46,0.39,0.36,2026-09-17,2157,N,nominal,2.0NRT,291.11,1.52,N
37.03037,62.41962,309.47,0.39,0.36,2026-09-17,2157,N,nominal,2.0NRT,288.4,1.52,N
37.17974,60.86768,304.26,0.38,0.36,2026-09-17,2157,N,nominal,2.0NRT,285.28,0.9,N
27.30349,56.30195,320.57,0.41,0.37,2026-09-17,2201,N,nominal,2.0NRT,300.87,1.64,N
37.35342,59.56754,302.62,0.4,0.37,2026-09-17,2157,N,nominal,2.0NRT,290.4,0.5,N
25.15462,67.70373,307.22,0.35,0.57,2026-09-17,2201,N,nominal,2.0NRT,293.76,0.66,N
37.21834,60.0226,319.93,0.39,0.36,2026-09-17,2157,N,nominal,2.0NRT,290.24,1.71,N
25.15536,67.70279,307.82,0.35,0.57,2026-09-17,2201,N,nominal,2.0NRT,293.89,0.85,N
37.21622,60.02419,300.54,0.39,0.36,2026-09-17,2157,N,nominal,2.0NRT,286.64,0.53,N
37.18619,59.9946,301.49,0.39,0.36,2026-09-17,2157,N,nominal,2.0NRT,291.06,0.5,N
37.45272,57.68387,300.98,0.45,0.39,2026-09-17,2157,N,nominal,2.0NRT,289.61,0.83,N
37.45208,57.68897,303.69,0.45,0.39,2026-09-17,2157,N,nominal,2.0NRT,289.92,0.83,N
36.97863,60.60935,311.7,0.39,0.36,2026-09-17,2157,N,nominal,2.0NRT,287.69,1.41,N
36.4683,61.786,299.88,0.39,0.36,2026-09-17,2157,N,nominal,2.0NRT,287.28,0.45,N
36.47776,61.62379,308.33,0.39,0.36,2026-09-17,2157,N,nominal,2.0NRT,289.12,1.56,N
36.36877,61.89665,301.21,0.39,0.36,2026-09-17,2157,N,nominal,2.0NRT,287.6,0.4,N
36.4383,61.2174,319.64,0.38,0.36,2026-09-17,2157,N,nominal,2.0NRT,290.68,2.37,N
36.99383,56.23052,299.19,0.51,0.41,2026-09-17,2159,N,nominal,2.0NRT,288.67,0.5,N
36.48113,59.75014,298.93,0.39,0.36,2026-09-17,2159,N,nominal,2.0NRT,287.36,0.52,N
36.47845,59.745,303.49,0.39,0.36,2026-09-17,2159,N,nominal,2.0NRT,288.73,0.88,N
35.94851,62.91904,306.6,0.41,0.37,2026-09-17,2159,N,nominal,2.0NRT,290.18,0.9,N
35.90884,62.96437,317.49,0.41,0.37,2026-09-17,2159,N,nominal,2.0NRT,287.71,2.02,N
36.4297,59.70234,300.92,0.39,0.36,2026-09-17,2159,N,nominal,2.0NRT,287.09,0.84,N
27.16965,56.09647,328.54,0.42,0.37,2026-09-17,2201,N,nominal,2.0NRT,301.13,5.09,N
35.88928,63.015,303.56,0.41,0.37,2026-09-17,2159,N,nominal,2.0NRT,287.48,0.59,N
27.16218,56.09943,326.75,0.42,0.37,2026-09-17,2201,N,nominal,2.0NRT,301.44,5.28,N
36.27205,59.65219,308.63,0.39,0.36,2026-09-17,2159,N,nominal,2.0NRT,289.49,0.59,N
27.16158,56.10362,311.58,0.42,0.37,2026-09-17,2201,N,nominal,2.0NRT,301.26,3.42,N
36.23991,59.73016,299.49,0.39,0.36,2026-09-17,2159,N,nominal,2.0NRT,287.07,0.38,N
27.15874,56.09881,331.61,0.42,0.37,2026-09-17,2201,N,nominal,2.0NRT,300.82,5.38,N
36.34498,58.67822,328.12,0.41,0.37,2026-09-17,2159,N,nominal,2.0NRT,292.91,1.91,N
27.16173,56.07783,315.58,0.42,0.37,2026-09-17,2201,N,nominal,2.0NRT,300.52,2.97,N
36.34158,58.67746,306.18,0.41,0.37,2026-09-17,2159,N,nominal,2.0NRT,288.43,1.91,N
36.33603,58.6668,330.07,0.41,0.37,2026-09-17,2159,N,nominal,2.0NRT,290.22,2.95,N
27.15843,56.05141,312.39,0.42,0.37,2026-09-17,2201,N,nominal,2.0NRT,302.18,4.37,N
27.14604,56.1137,318.96,0.42,0.37,2026-09-17,2201,N,nominal,2.0NRT,301.31,3.75,N
25.05369,67.49722,310.49,0.34,0.56,2026-09-17,2201,N,nominal,2.0NRT,294.04,1.57,N
36.29576,54.78842,301.27,0.39,0.44,2026-09-17,2159,N,nominal,2.0NRT,289.97,1.1,N
33.24233,71.52106,304.86,0.39,0.59,2026-09-17,2159,N,nominal,2.0NRT,287.65,0.34,N
36.32275,54.18785,296.26,0.42,0.45,2026-09-17,2159,N,nominal,2.0NRT,285.38,0.4,N
36.3227,54.18629,296.5,0.42,0.45,2026-09-17,2159,N,nominal,2.0NRT,285.48,0.46,N
33.24206,71.51898,307.23,0.39,0.59,2026-09-17,2159,N,nominal,2.0NRT,287.45,0.67,N
33.29738,71.18745,307.08,0.37,0.58,2026-09-17,2159,N,nominal,2.0NRT,288.11,0.6,N
35.89113,57.06549,302.72,0.46,0.39,2026-09-17,2159,N,nominal,2.0NRT,291.25,0.89,N
35.89043,57.06374,303.33,0.46,0.39,2026-09-17,2159,N,nominal,2.0NRT,291.1,1.05,N
35.35604,60.21693,305.62,0.39,0.36,2026-09-17,2159,N,nominal,2.0NRT,288.79,0.9,N
32.89023,71.61798,307.17,0.4,0.6,2026-09-17,2159,N,nominal,2.0NRT,289.02,0.61,N
35.55338,58.00711,318.51,0.42,0.38,2026-09-17,2159,N,nominal,2.0NRT,289.37,1.51,N
35.36895,59.30462,307.33,0.39,0.36,2026-09-17,2159,N,nominal,2.0NRT,286.83,0.9,N
35.24769,59.25335,298.68,0.39,0.36,2026-09-17,2159,N,nominal,2.0NRT,286.1,0.41,N
24.64761,67.8442,305.67,0.37,0.58,2026-09-17,2201,N,nominal,2.0NRT,294.75,0.98,N
25.9747,56.06992,318.8,0.41,0.37,2026-09-17,2201,N,nominal,2.0NRT,303.49,1.15,N
25.96787,56.06871,315.33,0.41,0.37,2026-09-17,2201,N,nominal,2.0NRT,303.07,1.28,N
25.90353,54.53468,311.52,0.46,0.39,2026-09-17,2201,N,nominal,2.0NRT,301.36,0.51,N
25.57203,55.98719,311.29,0.41,0.37,2026-09-17,2201,N,nominal,2.0NRT,301.29,1.33,N
25.55839,55.98482,316.39,0.41,0.37,2026-09-17,2201,N,nominal,2.0NRT,301.71,1.35,N
25.31008,56.37231,313.03,0.4,0.37,2026-09-17,2201,N,nominal,2.0NRT,301.3,0.79,N
25.30913,56.37334,320.69,0.4,0.37,2026-09-17,2201,N,nominal,2.0NRT,301.48,1.66,N
25.06346,55.11787,313.48,0.43,0.38,2026-09-17,2201,N,nominal,2.0NRT,303.28,1.52,N
24.99201,55.62905,309.15,0.41,0.37,2026-09-17,2201,N,nominal,2.0NRT,297.12,1.26,N
24.98858,55.62845,315.53,0.41,0.37,2026-09-17,2201,N,nominal,2.0NRT,297.41,2.02,N
24.50582,56.60733,335.53,0.39,0.36,2026-09-17,2201,N,nominal,2.0NRT,306.45,8.49,N
24.50816,56.59193,315.11,0.39,0.36,2026-09-17,2201,N,nominal,2.0NRT,303.68,0.89,N
24.50307,56.60288,317.89,0.39,0.36,2026-09-17,2201,N,nominal,2.0NRT,304.54,1.51,N
24.47445,56.63327,312.9,0.39,0.36,2026-09-17,2201,N,nominal,2.0NRT,301.67,0.77,N
24.45603,56.55093,323.36,0.39,0.36,2026-09-17,2201,N,nominal,2.0NRT,303.03,2.5,N
24.50974,54.02007,330.22,0.47,0.4,2026-09-17,2201,N,nominal,2.0NRT,304.2,2.61,N
24.34819,54.47012,311,0.45,0.39,2026-09-17,2201,N,nominal,2.0NRT,300.95,1.18,N
24.32972,54.47162,314.95,0.45,0.39,2026-09-17,2201,N,nominal,2.0NRT,302.46,3.28,N
24.32257,54.47045,315.33,0.45,0.39,2026-09-17,2201,N,nominal,2.0NRT,302.67,3.21,N
24.00254,55.44169,311.23,0.41,0.37,2026-09-17,2201,N,nominal,2.0NRT,299.2,1.27,N
23.48339,58.2795,320.13,0.39,0.36,2026-09-17,2201,N,nominal,2.0NRT,300.03,1.34,N
24.031,54.40163,309.93,0.45,0.39,2026-09-17,2201,N,nominal,2.0NRT,297.5,1.87,N
23.19121,55.45877,331.83,0.41,0.37,2026-09-17,2203,N,nominal,2.0NRT,301.95,1.69,N
23.19063,55.46275,310.38,0.41,0.37,2026-09-17,2203,N,nominal,2.0NRT,299.87,1.69,N
22.70795,57.57947,312.27,0.38,0.36,2026-09-17,2203,N,nominal,2.0NRT,299.51,0.79,N
22.88034,55.92829,325.13,0.4,0.37,2026-09-17,2203,N,nominal,2.0NRT,299.99,1.95,N
22.87757,55.92386,335.62,0.4,0.37,2026-09-17,2203,N,nominal,2.0NRT,300.31,2.9,N
22.87554,55.6132,320.93,0.4,0.37,2026-09-17,2203,N,nominal,2.0NRT,298.03,1.74,N
22.87496,55.61712,309.64,0.4,0.37,2026-09-17,2203,N,nominal,2.0NRT,297.5,1.07,N
22.87215,55.61263,307.9,0.4,0.37,2026-09-17,2203,N,nominal,2.0NRT,297.8,1.25,N
22.87959,55.37158,330.31,0.41,0.37,2026-09-17,2203,N,nominal,2.0NRT,299.26,3.59,N
22.87901,55.37555,331.7,0.41,0.37,2026-09-17,2203,N,nominal,2.0NRT,299.88,2.95,N
22.87618,55.371,329.74,0.41,0.37,2026-09-17,2203,N,nominal,2.0NRT,301.19,3.59,N
22.8756,55.37497,331.84,0.41,0.37,2026-09-17,2203,N,nominal,2.0NRT,300.01,2.95,N
22.78286,55.81351,313.41,0.4,0.37,2026-09-17,2203,N,nominal,2.0NRT,299.18,0.99,N
22.67235,56.24895,317.06,0.39,0.36,2026-09-17,2203,N,nominal,2.0NRT,300.61,0.84,N
22.40493,56.98985,336.64,0.38,0.36,2026-09-17,2203,N,nominal,2.0NRT,300.49,2.66,N
22.34654,56.43236,327.4,0.39,0.36,2026-09-17,2203,N,nominal,2.0NRT,301.46,1.66,N
22.3269,56.47117,321.24,0.39,0.36,2026-09-17,2203,N,nominal,2.0NRT,301.04,1.3,N
21.93809,57.07465,336.76,0.38,0.36,2026-09-17,2203,N,nominal,2.0NRT,299.73,3.89,N
21.89266,56.8456,315.94,0.38,0.36,2026-09-17,2203,N,nominal,2.0NRT,298.18,1.11,N
21.83389,56.67948,330.16,0.38,0.36,2026-09-17,2203,N,nominal,2.0NRT,297.79,2.12,N
21.33489,57.72202,326.43,0.39,0.36,2026-09-17,2203,N,nominal,2.0NRT,297.78,2.08,N
21.32098,57.72328,324.2,0.39,0.36,2026-09-17,2203,N,nominal,2.0NRT,297.22,2.23,N
21.31398,57.74505,333.05,0.39,0.36,2026-09-17,2203,N,nominal,2.0NRT,297.45,1.63,N
21.31459,57.74131,318.44,0.39,0.36,2026-09-17,2203,N,nominal,2.0NRT,296.89,1.63,N
21.30537,57.79736,318.65,0.39,0.36,2026-09-17,2203,N,nominal,2.0NRT,297.87,1.23,N
21.31066,57.74443,323.4,0.39,0.36,2026-09-17,2203,N,nominal,2.0NRT,296.53,1.63,N
21.30767,57.70544,307.76,0.39,0.36,2026-09-17,2203,N,nominal,2.0NRT,296.45,0.63,N
21.30706,57.70918,307.32,0.39,0.36,2026-09-17,2203,N,nominal,2.0NRT,296.87,0.53,N
21.29802,57.68059,316.01,0.39,0.36,2026-09-17,2203,N,nominal,2.0NRT,296.92,1,N
21.29748,57.09786,315.37,0.38,0.36,2026-09-17,2203,N,nominal,2.0NRT,297.8,1.47,N
21.40903,55.74449,316.72,0.39,0.36,2026-09-17,2203,N,nominal,2.0NRT,300.7,1.03,N
21.0041,56.5309,332.48,0.38,0.36,2026-09-17,2203,N,nominal,2.0NRT,300.26,3.65,N
21.00079,56.53032,323.69,0.38,0.36,2026-09-17,2203,N,nominal,2.0NRT,297.52,1.79,N
20.56067,56.42039,308.6,0.38,0.36,2026-09-17,2203,N,nominal,2.0NRT,296.27,0.42,N
20.39052,55.66355,319.47,0.39,0.36,2026-09-17,2203,N,nominal,2.0NRT,297.83,1.7,N
20.38718,55.66298,319.89,0.39,0.36,2026-09-17,2203,N,nominal,2.0NRT,297.2,1.7,N
20.38613,55.64748,330.52,0.39,0.36,2026-09-17,2203,N,nominal,2.0NRT,298.45,2.36,N
20.21423,55.71408,317.58,0.39,0.36,2026-09-17,2203,N,nominal,2.0NRT,297.05,1.06,N
19.26876,56.17585,309.17,0.38,0.36,2026-09-17,2203,N,nominal,2.0NRT,296.44,0.73,N
18.68951,55.50474,311.31,0.39,0.36,2026-09-17,2203,N,nominal,2.0NRT,295.92,1.15,N
18.68895,55.5084,315.27,0.39,0.36,2026-09-17,2203,N,nominal,2.0NRT,295.02,1.15,N
18.55788,55.87167,307.6,0.38,0.36,2026-09-17,2203,N,nominal,2.0NRT,294.92,0.51,N
18.32488,55.10532,316.39,0.39,0.36,2026-09-17,2203,N,nominal,2.0NRT,296.42,1.8,N
18.32154,55.10476,329.37,0.39,0.36,2026-09-17,2203,N,nominal,2.0NRT,296.16,1.8,N
18.01231,54.57011,308.09,0.4,0.37,2026-09-17,2203,N,nominal,2.0NRT,296.91,0.71,N
18.01175,54.57388,312.03,0.4,0.37,2026-09-17,2203,N,nominal,2.0NRT,297.05,0.61,N
38.67941,54.31273,313.37,0.72,0.76,2026-09-17,2337,N,nominal,2.0NRT,291.23,1.58,N
38.67978,54.31595,315.1,0.72,0.76,2026-09-17,2337,N,nominal,2.0NRT,291.65,2.08,N
38.65232,54.28213,317.97,0.72,0.76,2026-09-17,2337,N,nominal,2.0NRT,291.39,2.43,N
38.64578,54.27857,307.04,0.72,0.76,2026-09-17,2337,N,nominal,2.0NRT,291.59,1.41,N
15.14029,100.72867,325.07,0.67,0.74,2026-09-18,0553,N,nominal,2.0NRT,280.05,8.41,D
15.14154,100.72626,327.17,0.67,0.74,2026-09-18,0553,N,nominal,2.0NRT,280.06,5.88,D
36.82321,101.85366,340.55,0.4,0.45,2026-09-18,0557,N,nominal,2.0NRT,294.73,3.86,D
36.85688,101.85133,326.86,0.4,0.45,2026-09-18,0557,N,nominal,2.0NRT,296.55,1.54,D
38.25059,101.53841,332.76,0.39,0.44,2026-09-18,0557,N,nominal,2.0NRT,300.2,2.98,D
38.24967,101.53407,338.84,0.39,0.44,2026-09-18,0557,N,nominal,2.0NRT,300.83,3.39,D
7.0873,81.81886,330.34,0.35,0.57,2026-09-18,0729,N,nominal,2.0NRT,290.86,3.49,D
7.61643,80.95426,367,0.4,0.6,2026-09-18,0729,N,high,2.0NRT,293.36,10.59,D
7.62549,81.00471,333.4,0.39,0.59,2026-09-18,0729,N,nominal,2.0NRT,290.54,2.82,D
7.61579,80.95069,349.72,0.4,0.6,2026-09-18,0729,N,nominal,2.0NRT,292.59,10.59,D
7.98136,80.23378,328.94,0.44,0.62,2026-09-18,0729,N,nominal,2.0NRT,282.58,2.97,D
9.12895,80.43666,344.33,0.4,0.6,2026-09-18,0729,N,nominal,2.0NRT,286.15,8.27,D
9.35563,78.81754,338.63,0.51,0.66,2026-09-18,0731,N,nominal,2.0NRT,290.3,6.4,D
9.58416,78.56781,331.83,0.53,0.67,2026-09-18,0731,N,nominal,2.0NRT,290.8,3.52,D
11.26936,80.0015,330.06,0.4,0.6,2026-09-18,0731,N,nominal,2.0NRT,289.22,2.77,D
12.45774,76.88866,329.6,0.6,0.71,2026-09-18,0731,N,nominal,2.0NRT,287.02,3.87,D
12.76095,76.89168,328.91,0.6,0.7,2026-09-18,0731,N,nominal,2.0NRT,285.42,3.45,D
15.77255,79.61308,342.12,0.35,0.56,2026-09-18,0731,N,nominal,2.0NRT,295.87,2.57,D
15.82326,79.27283,330.08,0.36,0.58,2026-09-18,0731,N,nominal,2.0NRT,291.55,1.73,D
16.72037,80.79633,331.11,0.56,0.51,2026-09-18,0731,N,nominal,2.0NRT,293.46,4.92,D
20.76025,85.29648,330.8,0.42,0.38,2026-09-18,0733,N,nominal,2.0NRT,297.04,3.63,D
20.79413,85.2533,342.2,0.42,0.38,2026-09-18,0733,N,nominal,2.0NRT,300.4,13.43,D
20.87001,84.99484,334.77,0.43,0.38,2026-09-18,0733,N,nominal,2.0NRT,295.35,4.79,D
20.88594,84.98339,337.65,0.43,0.38,2026-09-18,0733,N,nominal,2.0NRT,300.51,7.29,D
20.88941,84.98272,330.16,0.43,0.38,2026-09-18,0733,N,low,2.0NRT,300.44,6.67,D
20.96318,85.18954,347.15,0.42,0.38,2026-09-18,0733,N,nominal,2.0NRT,300.37,8.26,D
20.96252,85.18555,330.84,0.42,0.38,2026-09-18,0733,N,nominal,2.0NRT,298.34,5.6,D
20.96807,85.17624,343.6,0.42,0.38,2026-09-18,0733,N,nominal,2.0NRT,299.14,8.51,D
20.9715,85.17557,337.16,0.42,0.38,2026-09-18,0733,N,nominal,2.0NRT,298.09,4.62,D
21.07709,85.03987,337.55,0.42,0.38,2026-09-18,0733,N,low,2.0NRT,299.78,9.75,D
21.08054,85.03921,337.66,0.42,0.38,2026-09-18,0733,N,low,2.0NRT,298.64,8.08,D
21.68003,84.04025,334.65,0.46,0.39,2026-09-18,0733,N,nominal,2.0NRT,297.36,8.25,D
22.20841,84.86203,338.5,0.42,0.38,2026-09-18,0733,N,nominal,2.0NRT,299.33,4.33,D
22.61108,85.91333,331.75,0.39,0.36,2026-09-18,0733,N,nominal,2.0NRT,299.31,2.6,D
24.40252,96.57825,326.97,0.37,0.58,2026-09-18,0733,N,nominal,2.0NRT,289.93,2.21,D
23.40216,86.44112,330.04,0.39,0.36,2026-09-18,0733,N,nominal,2.0NRT,296.03,1.44,D
23.66456,87.15617,331.13,0.38,0.36,2026-09-18,0733,N,nominal,2.0NRT,294.46,3.18,D
23.71261,86.45381,330.18,0.38,0.36,2026-09-18,0733,N,nominal,2.0NRT,298.3,2.37,D
23.71202,86.45006,330.66,0.38,0.36,2026-09-18,0733,N,nominal,2.0NRT,298.77,2.37,D
23.7367,86.43395,345.13,0.38,0.36,2026-09-18,0733,N,nominal,2.0NRT,299.42,6.9,D
23.69788,86.07732,345.92,0.39,0.36,2026-09-18,0733,N,nominal,2.0NRT,300.39,5.38,D
23.75904,86.40284,334.5,0.38,0.36,2026-09-18,0733,N,nominal,2.0NRT,297.51,3.58,D
23.76293,86.40599,330.47,0.38,0.36,2026-09-18,0733,N,nominal,2.0NRT,297.3,3.58,D
23.76623,86.40538,340.83,0.38,0.36,2026-09-18,0733,N,nominal,2.0NRT,298.87,7.33,D
23.77361,86.36539,338.01,0.39,0.36,2026-09-18,0733,N,nominal,2.0NRT,298.41,5.63,D
23.79494,86.35343,334.23,0.39,0.36,2026-09-18,0733,N,nominal,2.0NRT,297.25,3.43,D
23.64898,85.43888,330.97,0.4,0.37,2026-09-18,0733,N,nominal,2.0NRT,295.71,3.69,D
23.77977,86.21311,334.06,0.39,0.36,2026-09-18,0733,N,nominal,2.0NRT,297.71,4.05,D
23.77917,86.20934,330.42,0.39,0.36,2026-09-18,0733,N,nominal,2.0NRT,299.3,5.19,D
30.99714,74.72215,337.86,0.34,0.56,2026-09-18,0737,N,nominal,2.0NRT,293.78,2.42,D
38.05203,67.26329,346.67,0.56,0.69,2026-09-18,0739,N,nominal,2.0NRT,310.63,5.82,D
9.61201,78.40251,331.91,0.73,0.76,2026-09-18,0911,N,nominal,2.0NRT,290.84,7.68,D
18.32147,55.10423,346.45,0.55,0.51,2026-09-18,0913,N,nominal,2.0NRT,314.27,1.87,D
18.32363,55.10616,347.88,0.55,0.51,2026-09-18,0913,N,nominal,2.0NRT,314.2,6.35,D
19.2659,56.17463,343.41,0.45,0.47,2026-09-18,0915,N,nominal,2.0NRT,309.42,2.47,D
20.21159,55.71099,340.01,0.46,0.47,2026-09-18,0915,N,low,2.0NRT,313.38,0.82,D
20.3882,55.66126,346.16,0.46,0.47,2026-09-18,0915,N,nominal,2.0NRT,314.75,3.45,D
22.92357,55.80523,367,0.41,0.45,2026-09-18,0915,N,low,2.0NRT,325.46,2.62,D
22.92765,55.80433,367,0.41,0.45,2026-09-18,0915,N,high,2.0NRT,323.78,2.62,D
22.93096,55.79947,367,0.41,0.45,2026-09-18,0915,N,low,2.0NRT,325.41,0.39,D
25.05278,67.49627,335.29,0.44,0.46,2026-09-18,0915,N,low,2.0NRT,305.54,4.01,D
24.50274,56.6091,341.83,0.52,0.42,2026-09-18,0915,N,low,2.0NRT,316.18,19.92,D
24.06315,54.31641,345.94,0.48,0.48,2026-09-18,0915,N,low,2.0NRT,319.21,5.73,D
24.50856,54.01993,330.87,0.49,0.48,2026-09-18,0915,N,nominal,2.0NRT,303.62,1.65,D
28.03713,69.67434,332.38,0.33,0.55,2026-09-18,0915,N,nominal,2.0NRT,301.77,3.32,D
27.16297,56.10255,338.28,0.51,0.41,2026-09-18,0917,N,low,2.0NRT,311.88,12.24,D
36.34286,58.67906,350.18,0.39,0.36,2026-09-18,0920,N,nominal,2.0NRT,319.89,7.11,D
37.07137,60.77101,345.98,0.43,0.38,2026-09-18,0920,N,low,2.0NRT,318.48,7.07,D
37.78772,62.53897,343.97,0.52,0.41,2026-09-18,0920,N,nominal,2.0NRT,316.88,9.26,D
37.47022,59.66188,346.9,0.41,0.37,2026-09-18,0920,N,low,2.0NRT,318.75,7.3,D
37.08561,55.08025,331.14,0.42,0.37,2026-09-18,0920,N,nominal,2.0NRT,297.25,2.63,D
37.24636,55.35051,333.81,0.41,0.37,2026-09-18,0920,N,nominal,2.0NRT,300.76,3.07,D
37.94102,58.56525,342.8,0.39,0.36,2026-09-18,0920,N,low,2.0NRT,315.89,3.25,D
37.47459,55.47058,334.6,0.4,0.37,2026-09-18,0920,N,low,2.0NRT,305.69,4.25,D
37.47974,55.47626,332.49,0.4,0.37,2026-09-18,0920,N,low,2.0NRT,305.74,2.8,D
37.96549,58.3155,341.33,0.39,0.36,2026-09-18,0920,N,low,2.0NRT,316.01,5.77,D
37.65796,55.7168,332.12,0.4,0.37,2026-09-18,0920,N,low,2.0NRT,306.89,1.74,D
38.92405,56.53984,342.14,0.39,0.36,2026-09-18,0920,N,nominal,2.0NRT,307.88,2.54,D
38.92733,56.53899,338.97,0.39,0.36,2026-09-18,0920,N,low,2.0NRT,309.02,2.54,D
38.64909,54.2821,349.41,0.42,0.38,2026-09-18,0920,N,nominal,2.0NRT,313.91,5.14,D
38.68067,54.3182,340.54,0.42,0.38,2026-09-18,0920,N,low,2.0NRT,313.91,3.56,D
